-- Seed data for RentEase (PostgreSQL)

-- Default Users (Admin & Test User)
INSERT INTO users (name, email, password_hash, google_id, phone, profile_picture, is_new_user) VALUES 
('Ritish Admin', 'ritish@rentease.in', '$2a$10$WdZ5X9M6hK/Rj4rT1W1n1e/gP1eO29G57N0Y9T0N4S7l6C5A8K2C.', NULL, '9876543210', 'https://api.dicebear.com/7.x/adventurer/svg?seed=Ritish', FALSE),
('Test Customer', 'customer@gmail.com', '$2a$10$WdZ5X9M6hK/Rj4rT1W1n1e/gP1eO29G57N0Y9T0N4S7l6C5A8K2C.', NULL, '9999988888', 'https://api.dicebear.com/7.x/adventurer/svg?seed=Customer', TRUE);

-- Promo Codes
INSERT INTO promo_codes (code, discount_type, discount_value, expiry_date, is_active) VALUES 
('WELCOME200', 'flat', 200.00, '2027-12-31', TRUE),
('FESTIVE15', 'percent', 15.00, '2027-12-31', TRUE),
('EASEBUY500', 'flat', 500.00, '2027-12-31', TRUE);

-- 100 Products and Variant Seeds
INSERT INTO products (id, name, brand, category, description, material, dimensions, weight, warranty, buy_price, rent_price_week, rent_price_month, rating, review_count, stock_quantity, is_available, condition_type) VALUES 
(1, 'Elysian Velvet Sofa', 'WoodCraft', 'Sofa', 'Introduce modern luxury and functionality to your space with the Elysian Velvet Sofa by WoodCraft. Crafted from high-quality Teak Wood, it is designed for both exceptional durability and superior comfort. Perfect for living rooms, bedrooms, or modern offices looking for an elegant touch. The sleek structure blends seamlessly with diverse aesthetics, making it a stellar addition to any home.', 'Teak Wood', '100 x 60 x 45 cm', '10 kg', '1 Year Warranty', 8000.00, 200.00, 800.00, 4.0, 5, 50, TRUE, 'new');
INSERT INTO product_variants (product_id, colour_name, colour_hex, images, stock) VALUES 
(1, 'Walnut', '#5C4033', '["https://images.unsplash.com/photo-1493663284031-b7e3aefcae8e?w=800&auto=format&fit=crop&q=80","https://images.unsplash.com/photo-1586023492125-27b2c045efd7?w=800&auto=format&fit=crop&q=80","https://images.unsplash.com/photo-1484101403633-562f891dc89a?w=800&auto=format&fit=crop&q=80","https://images.unsplash.com/photo-1618220179428-22790b461013?w=800&auto=format&fit=crop&q=80"]'::jsonb, 20),
(1, 'Oak', '#B8860B', '["https://images.unsplash.com/photo-1586023492125-27b2c045efd7?w=800&auto=format&fit=crop&q=80","https://images.unsplash.com/photo-1484101403633-562f891dc89a?w=800&auto=format&fit=crop&q=80","https://images.unsplash.com/photo-1618220179428-22790b461013?w=800&auto=format&fit=crop&q=80","https://images.unsplash.com/photo-1600121848594-d8644e57abab?w=800&auto=format&fit=crop&q=80"]'::jsonb, 20),
(1, 'White', '#FFFFFF', '["https://images.unsplash.com/photo-1484101403633-562f891dc89a?w=800&auto=format&fit=crop&q=80","https://images.unsplash.com/photo-1618220179428-22790b461013?w=800&auto=format&fit=crop&q=80","https://images.unsplash.com/photo-1600121848594-d8644e57abab?w=800&auto=format&fit=crop&q=80","https://images.unsplash.com/photo-1618219908412-a29a1bb7b86e?w=800&auto=format&fit=crop&q=80"]'::jsonb, 20),
(1, 'Black', '#000000', '["https://images.unsplash.com/photo-1618220179428-22790b461013?w=800&auto=format&fit=crop&q=80","https://images.unsplash.com/photo-1600121848594-d8644e57abab?w=800&auto=format&fit=crop&q=80","https://images.unsplash.com/photo-1618219908412-a29a1bb7b86e?w=800&auto=format&fit=crop&q=80","https://images.unsplash.com/photo-1549488344-1f9b8d2bd1f3?w=800&auto=format&fit=crop&q=80"]'::jsonb, 20);

INSERT INTO products (id, name, brand, category, description, material, dimensions, weight, warranty, buy_price, rent_price_week, rent_price_month, rating, review_count, stock_quantity, is_available, condition_type) VALUES 
(2, 'Chesterfield Royal Sofa', 'HomeBazaar', 'Sofa', 'Introduce modern luxury and functionality to your space with the Chesterfield Royal Sofa by HomeBazaar. Crafted from high-quality Sheesham Wood, it is designed for both exceptional durability and superior comfort. Perfect for living rooms, bedrooms, or modern offices looking for an elegant touch. The sleek structure blends seamlessly with diverse aesthetics, making it a stellar addition to any home.', 'Sheesham Wood', '105 x 63 x 47 cm', '12 kg', '2 Year Warranty', 13182.00, 261.00, 1045.00, 4.1, 13, 50, TRUE, 'like_new');
INSERT INTO product_variants (product_id, colour_name, colour_hex, images, stock) VALUES 
(2, 'Oak', '#B8860B', '["https://images.unsplash.com/photo-1586023492125-27b2c045efd7?w=800&auto=format&fit=crop&q=80","https://images.unsplash.com/photo-1484101403633-562f891dc89a?w=800&auto=format&fit=crop&q=80","https://images.unsplash.com/photo-1618220179428-22790b461013?w=800&auto=format&fit=crop&q=80","https://images.unsplash.com/photo-1600121848594-d8644e57abab?w=800&auto=format&fit=crop&q=80"]'::jsonb, 20),
(2, 'White', '#FFFFFF', '["https://images.unsplash.com/photo-1484101403633-562f891dc89a?w=800&auto=format&fit=crop&q=80","https://images.unsplash.com/photo-1618220179428-22790b461013?w=800&auto=format&fit=crop&q=80","https://images.unsplash.com/photo-1600121848594-d8644e57abab?w=800&auto=format&fit=crop&q=80","https://images.unsplash.com/photo-1618219908412-a29a1bb7b86e?w=800&auto=format&fit=crop&q=80"]'::jsonb, 20),
(2, 'Black', '#000000', '["https://images.unsplash.com/photo-1618220179428-22790b461013?w=800&auto=format&fit=crop&q=80","https://images.unsplash.com/photo-1600121848594-d8644e57abab?w=800&auto=format&fit=crop&q=80","https://images.unsplash.com/photo-1618219908412-a29a1bb7b86e?w=800&auto=format&fit=crop&q=80","https://images.unsplash.com/photo-1549488344-1f9b8d2bd1f3?w=800&auto=format&fit=crop&q=80"]'::jsonb, 20),
(2, 'Grey', '#808080', '["https://images.unsplash.com/photo-1600121848594-d8644e57abab?w=800&auto=format&fit=crop&q=80","https://images.unsplash.com/photo-1618219908412-a29a1bb7b86e?w=800&auto=format&fit=crop&q=80","https://images.unsplash.com/photo-1549488344-1f9b8d2bd1f3?w=800&auto=format&fit=crop&q=80","https://images.unsplash.com/photo-1567016432779-094069958ea5?w=800&auto=format&fit=crop&q=80"]'::jsonb, 20);

INSERT INTO products (id, name, brand, category, description, material, dimensions, weight, warranty, buy_price, rent_price_week, rent_price_month, rating, review_count, stock_quantity, is_available, condition_type) VALUES 
(3, 'Nouveau Fabric Recliner', 'RoyalOak', 'Sofa', 'Introduce modern luxury and functionality to your space with the Nouveau Fabric Recliner by RoyalOak. Crafted from high-quality Engineered Wood, it is designed for both exceptional durability and superior comfort. Perfect for living rooms, bedrooms, or modern offices looking for an elegant touch. The sleek structure blends seamlessly with diverse aesthetics, making it a stellar addition to any home.', 'Engineered Wood', '110 x 66 x 49 cm', '14 kg', '3 Year Warranty', 18364.00, 323.00, 1291.00, 4.2, 21, 50, TRUE, 'refurbished');
INSERT INTO product_variants (product_id, colour_name, colour_hex, images, stock) VALUES 
(3, 'White', '#FFFFFF', '["https://images.unsplash.com/photo-1484101403633-562f891dc89a?w=800&auto=format&fit=crop&q=80","https://images.unsplash.com/photo-1618220179428-22790b461013?w=800&auto=format&fit=crop&q=80","https://images.unsplash.com/photo-1600121848594-d8644e57abab?w=800&auto=format&fit=crop&q=80","https://images.unsplash.com/photo-1618219908412-a29a1bb7b86e?w=800&auto=format&fit=crop&q=80"]'::jsonb, 20),
(3, 'Black', '#000000', '["https://images.unsplash.com/photo-1618220179428-22790b461013?w=800&auto=format&fit=crop&q=80","https://images.unsplash.com/photo-1600121848594-d8644e57abab?w=800&auto=format&fit=crop&q=80","https://images.unsplash.com/photo-1618219908412-a29a1bb7b86e?w=800&auto=format&fit=crop&q=80","https://images.unsplash.com/photo-1549488344-1f9b8d2bd1f3?w=800&auto=format&fit=crop&q=80"]'::jsonb, 20),
(3, 'Grey', '#808080', '["https://images.unsplash.com/photo-1600121848594-d8644e57abab?w=800&auto=format&fit=crop&q=80","https://images.unsplash.com/photo-1618219908412-a29a1bb7b86e?w=800&auto=format&fit=crop&q=80","https://images.unsplash.com/photo-1549488344-1f9b8d2bd1f3?w=800&auto=format&fit=crop&q=80","https://images.unsplash.com/photo-1567016432779-094069958ea5?w=800&auto=format&fit=crop&q=80"]'::jsonb, 20),
(3, 'Brown', '#8B4513', '["https://images.unsplash.com/photo-1618219908412-a29a1bb7b86e?w=800&auto=format&fit=crop&q=80","https://images.unsplash.com/photo-1549488344-1f9b8d2bd1f3?w=800&auto=format&fit=crop&q=80","https://images.unsplash.com/photo-1567016432779-094069958ea5?w=800&auto=format&fit=crop&q=80","https://images.unsplash.com/photo-1583847268964-b28dc8f51f92?w=800&auto=format&fit=crop&q=80"]'::jsonb, 20);

INSERT INTO products (id, name, brand, category, description, material, dimensions, weight, warranty, buy_price, rent_price_week, rent_price_month, rating, review_count, stock_quantity, is_available, condition_type) VALUES 
(4, 'Scandi Minimalist Sofa', 'Nilkamal', 'Sofa', 'Introduce modern luxury and functionality to your space with the Scandi Minimalist Sofa by Nilkamal. Crafted from high-quality Premium Fabric, it is designed for both exceptional durability and superior comfort. Perfect for living rooms, bedrooms, or modern offices looking for an elegant touch. The sleek structure blends seamlessly with diverse aesthetics, making it a stellar addition to any home.', 'Premium Fabric', '115 x 69 x 51 cm', '16 kg', '1 Year Warranty', 23545.00, 384.00, 1536.00, 4.3, 29, 50, TRUE, 'new');
INSERT INTO product_variants (product_id, colour_name, colour_hex, images, stock) VALUES 
(4, 'Black', '#000000', '["https://images.unsplash.com/photo-1618220179428-22790b461013?w=800&auto=format&fit=crop&q=80","https://images.unsplash.com/photo-1600121848594-d8644e57abab?w=800&auto=format&fit=crop&q=80","https://images.unsplash.com/photo-1618219908412-a29a1bb7b86e?w=800&auto=format&fit=crop&q=80","https://images.unsplash.com/photo-1549488344-1f9b8d2bd1f3?w=800&auto=format&fit=crop&q=80"]'::jsonb, 20),
(4, 'Grey', '#808080', '["https://images.unsplash.com/photo-1600121848594-d8644e57abab?w=800&auto=format&fit=crop&q=80","https://images.unsplash.com/photo-1618219908412-a29a1bb7b86e?w=800&auto=format&fit=crop&q=80","https://images.unsplash.com/photo-1549488344-1f9b8d2bd1f3?w=800&auto=format&fit=crop&q=80","https://images.unsplash.com/photo-1567016432779-094069958ea5?w=800&auto=format&fit=crop&q=80"]'::jsonb, 20),
(4, 'Brown', '#8B4513', '["https://images.unsplash.com/photo-1618219908412-a29a1bb7b86e?w=800&auto=format&fit=crop&q=80","https://images.unsplash.com/photo-1549488344-1f9b8d2bd1f3?w=800&auto=format&fit=crop&q=80","https://images.unsplash.com/photo-1567016432779-094069958ea5?w=800&auto=format&fit=crop&q=80","https://images.unsplash.com/photo-1583847268964-b28dc8f51f92?w=800&auto=format&fit=crop&q=80"]'::jsonb, 20),
(4, 'Beige', '#F5F5DC', '["https://images.unsplash.com/photo-1549488344-1f9b8d2bd1f3?w=800&auto=format&fit=crop&q=80","https://images.unsplash.com/photo-1567016432779-094069958ea5?w=800&auto=format&fit=crop&q=80","https://images.unsplash.com/photo-1583847268964-b28dc8f51f92?w=800&auto=format&fit=crop&q=80","https://images.unsplash.com/photo-1550581190-9c1c48d21d6c?w=800&auto=format&fit=crop&q=80"]'::jsonb, 20);

INSERT INTO products (id, name, brand, category, description, material, dimensions, weight, warranty, buy_price, rent_price_week, rent_price_month, rating, review_count, stock_quantity, is_available, condition_type) VALUES 
(5, 'Mansion Leatherette Sofa', 'UrbanLadder', 'Sofa', 'Introduce modern luxury and functionality to your space with the Mansion Leatherette Sofa by UrbanLadder. Crafted from high-quality Leatherette, it is designed for both exceptional durability and superior comfort. Perfect for living rooms, bedrooms, or modern offices looking for an elegant touch. The sleek structure blends seamlessly with diverse aesthetics, making it a stellar addition to any home.', 'Leatherette', '120 x 72 x 53 cm', '18 kg', '2 Year Warranty', 28727.00, 446.00, 1782.00, 4.4, 37, 50, TRUE, 'like_new');
INSERT INTO product_variants (product_id, colour_name, colour_hex, images, stock) VALUES 
(5, 'Grey', '#808080', '["https://images.unsplash.com/photo-1600121848594-d8644e57abab?w=800&auto=format&fit=crop&q=80","https://images.unsplash.com/photo-1618219908412-a29a1bb7b86e?w=800&auto=format&fit=crop&q=80","https://images.unsplash.com/photo-1549488344-1f9b8d2bd1f3?w=800&auto=format&fit=crop&q=80","https://images.unsplash.com/photo-1567016432779-094069958ea5?w=800&auto=format&fit=crop&q=80"]'::jsonb, 20),
(5, 'Brown', '#8B4513', '["https://images.unsplash.com/photo-1618219908412-a29a1bb7b86e?w=800&auto=format&fit=crop&q=80","https://images.unsplash.com/photo-1549488344-1f9b8d2bd1f3?w=800&auto=format&fit=crop&q=80","https://images.unsplash.com/photo-1567016432779-094069958ea5?w=800&auto=format&fit=crop&q=80","https://images.unsplash.com/photo-1583847268964-b28dc8f51f92?w=800&auto=format&fit=crop&q=80"]'::jsonb, 20),
(5, 'Beige', '#F5F5DC', '["https://images.unsplash.com/photo-1549488344-1f9b8d2bd1f3?w=800&auto=format&fit=crop&q=80","https://images.unsplash.com/photo-1567016432779-094069958ea5?w=800&auto=format&fit=crop&q=80","https://images.unsplash.com/photo-1583847268964-b28dc8f51f92?w=800&auto=format&fit=crop&q=80","https://images.unsplash.com/photo-1550581190-9c1c48d21d6c?w=800&auto=format&fit=crop&q=80"]'::jsonb, 20),
(5, 'Navy', '#000080', '["https://images.unsplash.com/photo-1567016432779-094069958ea5?w=800&auto=format&fit=crop&q=80","https://images.unsplash.com/photo-1583847268964-b28dc8f51f92?w=800&auto=format&fit=crop&q=80","https://images.unsplash.com/photo-1550581190-9c1c48d21d6c?w=800&auto=format&fit=crop&q=80","https://images.unsplash.com/photo-1605371924599-2d0365da1ae0?w=800&auto=format&fit=crop&q=80"]'::jsonb, 20);

INSERT INTO products (id, name, brand, category, description, material, dimensions, weight, warranty, buy_price, rent_price_week, rent_price_month, rating, review_count, stock_quantity, is_available, condition_type) VALUES 
(6, 'Zenith 3-Seater Sofa', 'Durian', 'Sofa', 'Introduce modern luxury and functionality to your space with the Zenith 3-Seater Sofa by Durian. Crafted from high-quality Metal & Alloy, it is designed for both exceptional durability and superior comfort. Perfect for living rooms, bedrooms, or modern offices looking for an elegant touch. The sleek structure blends seamlessly with diverse aesthetics, making it a stellar addition to any home.', 'Metal & Alloy', '125 x 75 x 55 cm', '20 kg', '3 Year Warranty', 33909.00, 507.00, 2027.00, 4.5, 45, 50, TRUE, 'refurbished');
INSERT INTO product_variants (product_id, colour_name, colour_hex, images, stock) VALUES 
(6, 'Walnut', '#5C4033', '["https://images.unsplash.com/photo-1618219908412-a29a1bb7b86e?w=800&auto=format&fit=crop&q=80","https://images.unsplash.com/photo-1549488344-1f9b8d2bd1f3?w=800&auto=format&fit=crop&q=80","https://images.unsplash.com/photo-1567016432779-094069958ea5?w=800&auto=format&fit=crop&q=80","https://images.unsplash.com/photo-1583847268964-b28dc8f51f92?w=800&auto=format&fit=crop&q=80"]'::jsonb, 20),
(6, 'Oak', '#B8860B', '["https://images.unsplash.com/photo-1549488344-1f9b8d2bd1f3?w=800&auto=format&fit=crop&q=80","https://images.unsplash.com/photo-1567016432779-094069958ea5?w=800&auto=format&fit=crop&q=80","https://images.unsplash.com/photo-1583847268964-b28dc8f51f92?w=800&auto=format&fit=crop&q=80","https://images.unsplash.com/photo-1550581190-9c1c48d21d6c?w=800&auto=format&fit=crop&q=80"]'::jsonb, 20),
(6, 'White', '#FFFFFF', '["https://images.unsplash.com/photo-1567016432779-094069958ea5?w=800&auto=format&fit=crop&q=80","https://images.unsplash.com/photo-1583847268964-b28dc8f51f92?w=800&auto=format&fit=crop&q=80","https://images.unsplash.com/photo-1550581190-9c1c48d21d6c?w=800&auto=format&fit=crop&q=80","https://images.unsplash.com/photo-1605371924599-2d0365da1ae0?w=800&auto=format&fit=crop&q=80"]'::jsonb, 20),
(6, 'Black', '#000000', '["https://images.unsplash.com/photo-1583847268964-b28dc8f51f92?w=800&auto=format&fit=crop&q=80","https://images.unsplash.com/photo-1550581190-9c1c48d21d6c?w=800&auto=format&fit=crop&q=80","https://images.unsplash.com/photo-1605371924599-2d0365da1ae0?w=800&auto=format&fit=crop&q=80","https://images.unsplash.com/photo-1506898667547-42e22a46e125?w=800&auto=format&fit=crop&q=80"]'::jsonb, 20);

INSERT INTO products (id, name, brand, category, description, material, dimensions, weight, warranty, buy_price, rent_price_week, rent_price_month, rating, review_count, stock_quantity, is_available, condition_type) VALUES 
(7, 'Solace L-Shaped Sectional', 'FurnitureMart', 'Sofa', 'Introduce modern luxury and functionality to your space with the Solace L-Shaped Sectional by FurnitureMart. Crafted from high-quality MDF, it is designed for both exceptional durability and superior comfort. Perfect for living rooms, bedrooms, or modern offices looking for an elegant touch. The sleek structure blends seamlessly with diverse aesthetics, making it a stellar addition to any home.', 'MDF', '130 x 78 x 57 cm', '22 kg', '1 Year Warranty', 39091.00, 568.00, 2273.00, 4.6, 53, 50, TRUE, 'new');
INSERT INTO product_variants (product_id, colour_name, colour_hex, images, stock) VALUES 
(7, 'Oak', '#B8860B', '["https://images.unsplash.com/photo-1549488344-1f9b8d2bd1f3?w=800&auto=format&fit=crop&q=80","https://images.unsplash.com/photo-1567016432779-094069958ea5?w=800&auto=format&fit=crop&q=80","https://images.unsplash.com/photo-1583847268964-b28dc8f51f92?w=800&auto=format&fit=crop&q=80","https://images.unsplash.com/photo-1550581190-9c1c48d21d6c?w=800&auto=format&fit=crop&q=80"]'::jsonb, 20),
(7, 'White', '#FFFFFF', '["https://images.unsplash.com/photo-1567016432779-094069958ea5?w=800&auto=format&fit=crop&q=80","https://images.unsplash.com/photo-1583847268964-b28dc8f51f92?w=800&auto=format&fit=crop&q=80","https://images.unsplash.com/photo-1550581190-9c1c48d21d6c?w=800&auto=format&fit=crop&q=80","https://images.unsplash.com/photo-1605371924599-2d0365da1ae0?w=800&auto=format&fit=crop&q=80"]'::jsonb, 20),
(7, 'Black', '#000000', '["https://images.unsplash.com/photo-1583847268964-b28dc8f51f92?w=800&auto=format&fit=crop&q=80","https://images.unsplash.com/photo-1550581190-9c1c48d21d6c?w=800&auto=format&fit=crop&q=80","https://images.unsplash.com/photo-1605371924599-2d0365da1ae0?w=800&auto=format&fit=crop&q=80","https://images.unsplash.com/photo-1506898667547-42e22a46e125?w=800&auto=format&fit=crop&q=80"]'::jsonb, 20),
(7, 'Grey', '#808080', '["https://images.unsplash.com/photo-1550581190-9c1c48d21d6c?w=800&auto=format&fit=crop&q=80","https://images.unsplash.com/photo-1605371924599-2d0365da1ae0?w=800&auto=format&fit=crop&q=80","https://images.unsplash.com/photo-1506898667547-42e22a46e125?w=800&auto=format&fit=crop&q=80","https://images.unsplash.com/photo-1524758631624-e2822e304c36?w=800&auto=format&fit=crop&q=80"]'::jsonb, 20);

INSERT INTO products (id, name, brand, category, description, material, dimensions, weight, warranty, buy_price, rent_price_week, rent_price_month, rating, review_count, stock_quantity, is_available, condition_type) VALUES 
(8, 'Vanguard Chesterfield Sofa', 'DécorHome', 'Sofa', 'Introduce modern luxury and functionality to your space with the Vanguard Chesterfield Sofa by DécorHome. Crafted from high-quality Tempered Glass, it is designed for both exceptional durability and superior comfort. Perfect for living rooms, bedrooms, or modern offices looking for an elegant touch. The sleek structure blends seamlessly with diverse aesthetics, making it a stellar addition to any home.', 'Tempered Glass', '135 x 81 x 59 cm', '24 kg', '2 Year Warranty', 44273.00, 630.00, 2518.00, 4.7, 61, 50, TRUE, 'like_new');
INSERT INTO product_variants (product_id, colour_name, colour_hex, images, stock) VALUES 
(8, 'White', '#FFFFFF', '["https://images.unsplash.com/photo-1567016432779-094069958ea5?w=800&auto=format&fit=crop&q=80","https://images.unsplash.com/photo-1583847268964-b28dc8f51f92?w=800&auto=format&fit=crop&q=80","https://images.unsplash.com/photo-1550581190-9c1c48d21d6c?w=800&auto=format&fit=crop&q=80","https://images.unsplash.com/photo-1605371924599-2d0365da1ae0?w=800&auto=format&fit=crop&q=80"]'::jsonb, 20),
(8, 'Black', '#000000', '["https://images.unsplash.com/photo-1583847268964-b28dc8f51f92?w=800&auto=format&fit=crop&q=80","https://images.unsplash.com/photo-1550581190-9c1c48d21d6c?w=800&auto=format&fit=crop&q=80","https://images.unsplash.com/photo-1605371924599-2d0365da1ae0?w=800&auto=format&fit=crop&q=80","https://images.unsplash.com/photo-1506898667547-42e22a46e125?w=800&auto=format&fit=crop&q=80"]'::jsonb, 20),
(8, 'Grey', '#808080', '["https://images.unsplash.com/photo-1550581190-9c1c48d21d6c?w=800&auto=format&fit=crop&q=80","https://images.unsplash.com/photo-1605371924599-2d0365da1ae0?w=800&auto=format&fit=crop&q=80","https://images.unsplash.com/photo-1506898667547-42e22a46e125?w=800&auto=format&fit=crop&q=80","https://images.unsplash.com/photo-1524758631624-e2822e304c36?w=800&auto=format&fit=crop&q=80"]'::jsonb, 20),
(8, 'Brown', '#8B4513', '["https://images.unsplash.com/photo-1605371924599-2d0365da1ae0?w=800&auto=format&fit=crop&q=80","https://images.unsplash.com/photo-1506898667547-42e22a46e125?w=800&auto=format&fit=crop&q=80","https://images.unsplash.com/photo-1524758631624-e2822e304c36?w=800&auto=format&fit=crop&q=80","https://images.unsplash.com/photo-1555041469-a586c61ea9bc?w=800&auto=format&fit=crop&q=80"]'::jsonb, 20);

INSERT INTO products (id, name, brand, category, description, material, dimensions, weight, warranty, buy_price, rent_price_week, rent_price_month, rating, review_count, stock_quantity, is_available, condition_type) VALUES 
(9, 'Monarch Velvet Loveseat', 'WoodCraft', 'Sofa', 'Introduce modern luxury and functionality to your space with the Monarch Velvet Loveseat by WoodCraft. Crafted from high-quality Teak Wood, it is designed for both exceptional durability and superior comfort. Perfect for living rooms, bedrooms, or modern offices looking for an elegant touch. The sleek structure blends seamlessly with diverse aesthetics, making it a stellar addition to any home.', 'Teak Wood', '140 x 84 x 61 cm', '26 kg', '3 Year Warranty', 49455.00, 691.00, 2764.00, 4.8, 69, 50, TRUE, 'refurbished');
INSERT INTO product_variants (product_id, colour_name, colour_hex, images, stock) VALUES 
(9, 'Black', '#000000', '["https://images.unsplash.com/photo-1583847268964-b28dc8f51f92?w=800&auto=format&fit=crop&q=80","https://images.unsplash.com/photo-1550581190-9c1c48d21d6c?w=800&auto=format&fit=crop&q=80","https://images.unsplash.com/photo-1605371924599-2d0365da1ae0?w=800&auto=format&fit=crop&q=80","https://images.unsplash.com/photo-1506898667547-42e22a46e125?w=800&auto=format&fit=crop&q=80"]'::jsonb, 20),
(9, 'Grey', '#808080', '["https://images.unsplash.com/photo-1550581190-9c1c48d21d6c?w=800&auto=format&fit=crop&q=80","https://images.unsplash.com/photo-1605371924599-2d0365da1ae0?w=800&auto=format&fit=crop&q=80","https://images.unsplash.com/photo-1506898667547-42e22a46e125?w=800&auto=format&fit=crop&q=80","https://images.unsplash.com/photo-1524758631624-e2822e304c36?w=800&auto=format&fit=crop&q=80"]'::jsonb, 20),
(9, 'Brown', '#8B4513', '["https://images.unsplash.com/photo-1605371924599-2d0365da1ae0?w=800&auto=format&fit=crop&q=80","https://images.unsplash.com/photo-1506898667547-42e22a46e125?w=800&auto=format&fit=crop&q=80","https://images.unsplash.com/photo-1524758631624-e2822e304c36?w=800&auto=format&fit=crop&q=80","https://images.unsplash.com/photo-1555041469-a586c61ea9bc?w=800&auto=format&fit=crop&q=80"]'::jsonb, 20),
(9, 'Beige', '#F5F5DC', '["https://images.unsplash.com/photo-1506898667547-42e22a46e125?w=800&auto=format&fit=crop&q=80","https://images.unsplash.com/photo-1524758631624-e2822e304c36?w=800&auto=format&fit=crop&q=80","https://images.unsplash.com/photo-1555041469-a586c61ea9bc?w=800&auto=format&fit=crop&q=80","https://images.unsplash.com/photo-1493663284031-b7e3aefcae8e?w=800&auto=format&fit=crop&q=80"]'::jsonb, 20);

INSERT INTO products (id, name, brand, category, description, material, dimensions, weight, warranty, buy_price, rent_price_week, rent_price_month, rating, review_count, stock_quantity, is_available, condition_type) VALUES 
(10, 'Hampton Space Sofa Bed', 'HomeBazaar', 'Sofa', 'Introduce modern luxury and functionality to your space with the Hampton Space Sofa Bed by HomeBazaar. Crafted from high-quality Sheesham Wood, it is designed for both exceptional durability and superior comfort. Perfect for living rooms, bedrooms, or modern offices looking for an elegant touch. The sleek structure blends seamlessly with diverse aesthetics, making it a stellar addition to any home.', 'Sheesham Wood', '145 x 87 x 63 cm', '28 kg', '1 Year Warranty', 54636.00, 752.00, 3009.00, 4.9, 77, 50, TRUE, 'new');
INSERT INTO product_variants (product_id, colour_name, colour_hex, images, stock) VALUES 
(10, 'Grey', '#808080', '["https://images.unsplash.com/photo-1550581190-9c1c48d21d6c?w=800&auto=format&fit=crop&q=80","https://images.unsplash.com/photo-1605371924599-2d0365da1ae0?w=800&auto=format&fit=crop&q=80","https://images.unsplash.com/photo-1506898667547-42e22a46e125?w=800&auto=format&fit=crop&q=80","https://images.unsplash.com/photo-1524758631624-e2822e304c36?w=800&auto=format&fit=crop&q=80"]'::jsonb, 20),
(10, 'Brown', '#8B4513', '["https://images.unsplash.com/photo-1605371924599-2d0365da1ae0?w=800&auto=format&fit=crop&q=80","https://images.unsplash.com/photo-1506898667547-42e22a46e125?w=800&auto=format&fit=crop&q=80","https://images.unsplash.com/photo-1524758631624-e2822e304c36?w=800&auto=format&fit=crop&q=80","https://images.unsplash.com/photo-1555041469-a586c61ea9bc?w=800&auto=format&fit=crop&q=80"]'::jsonb, 20),
(10, 'Beige', '#F5F5DC', '["https://images.unsplash.com/photo-1506898667547-42e22a46e125?w=800&auto=format&fit=crop&q=80","https://images.unsplash.com/photo-1524758631624-e2822e304c36?w=800&auto=format&fit=crop&q=80","https://images.unsplash.com/photo-1555041469-a586c61ea9bc?w=800&auto=format&fit=crop&q=80","https://images.unsplash.com/photo-1493663284031-b7e3aefcae8e?w=800&auto=format&fit=crop&q=80"]'::jsonb, 20),
(10, 'Navy', '#000080', '["https://images.unsplash.com/photo-1524758631624-e2822e304c36?w=800&auto=format&fit=crop&q=80","https://images.unsplash.com/photo-1555041469-a586c61ea9bc?w=800&auto=format&fit=crop&q=80","https://images.unsplash.com/photo-1493663284031-b7e3aefcae8e?w=800&auto=format&fit=crop&q=80","https://images.unsplash.com/photo-1586023492125-27b2c045efd7?w=800&auto=format&fit=crop&q=80"]'::jsonb, 20);

INSERT INTO products (id, name, brand, category, description, material, dimensions, weight, warranty, buy_price, rent_price_week, rent_price_month, rating, review_count, stock_quantity, is_available, condition_type) VALUES 
(11, 'Sovereign Classic Recliner', 'RoyalOak', 'Sofa', 'Introduce modern luxury and functionality to your space with the Sovereign Classic Recliner by RoyalOak. Crafted from high-quality Engineered Wood, it is designed for both exceptional durability and superior comfort. Perfect for living rooms, bedrooms, or modern offices looking for an elegant touch. The sleek structure blends seamlessly with diverse aesthetics, making it a stellar addition to any home.', 'Engineered Wood', '150 x 90 x 65 cm', '30 kg', '2 Year Warranty', 59818.00, 814.00, 3255.00, 4.0, 85, 50, TRUE, 'like_new');
INSERT INTO product_variants (product_id, colour_name, colour_hex, images, stock) VALUES 
(11, 'Walnut', '#5C4033', '["https://images.unsplash.com/photo-1605371924599-2d0365da1ae0?w=800&auto=format&fit=crop&q=80","https://images.unsplash.com/photo-1506898667547-42e22a46e125?w=800&auto=format&fit=crop&q=80","https://images.unsplash.com/photo-1524758631624-e2822e304c36?w=800&auto=format&fit=crop&q=80","https://images.unsplash.com/photo-1555041469-a586c61ea9bc?w=800&auto=format&fit=crop&q=80"]'::jsonb, 20),
(11, 'Oak', '#B8860B', '["https://images.unsplash.com/photo-1506898667547-42e22a46e125?w=800&auto=format&fit=crop&q=80","https://images.unsplash.com/photo-1524758631624-e2822e304c36?w=800&auto=format&fit=crop&q=80","https://images.unsplash.com/photo-1555041469-a586c61ea9bc?w=800&auto=format&fit=crop&q=80","https://images.unsplash.com/photo-1493663284031-b7e3aefcae8e?w=800&auto=format&fit=crop&q=80"]'::jsonb, 20),
(11, 'White', '#FFFFFF', '["https://images.unsplash.com/photo-1524758631624-e2822e304c36?w=800&auto=format&fit=crop&q=80","https://images.unsplash.com/photo-1555041469-a586c61ea9bc?w=800&auto=format&fit=crop&q=80","https://images.unsplash.com/photo-1493663284031-b7e3aefcae8e?w=800&auto=format&fit=crop&q=80","https://images.unsplash.com/photo-1586023492125-27b2c045efd7?w=800&auto=format&fit=crop&q=80"]'::jsonb, 20),
(11, 'Black', '#000000', '["https://images.unsplash.com/photo-1555041469-a586c61ea9bc?w=800&auto=format&fit=crop&q=80","https://images.unsplash.com/photo-1493663284031-b7e3aefcae8e?w=800&auto=format&fit=crop&q=80","https://images.unsplash.com/photo-1586023492125-27b2c045efd7?w=800&auto=format&fit=crop&q=80","https://images.unsplash.com/photo-1484101403633-562f891dc89a?w=800&auto=format&fit=crop&q=80"]'::jsonb, 20);

INSERT INTO products (id, name, brand, category, description, material, dimensions, weight, warranty, buy_price, rent_price_week, rent_price_month, rating, review_count, stock_quantity, is_available, condition_type) VALUES 
(12, 'Cascade Sleek Corner Sofa', 'Nilkamal', 'Sofa', 'Introduce modern luxury and functionality to your space with the Cascade Sleek Corner Sofa by Nilkamal. Crafted from high-quality Premium Fabric, it is designed for both exceptional durability and superior comfort. Perfect for living rooms, bedrooms, or modern offices looking for an elegant touch. The sleek structure blends seamlessly with diverse aesthetics, making it a stellar addition to any home.', 'Premium Fabric', '155 x 93 x 67 cm', '32 kg', '3 Year Warranty', 65000.00, 875.00, 3500.00, 4.1, 93, 50, TRUE, 'refurbished');
INSERT INTO product_variants (product_id, colour_name, colour_hex, images, stock) VALUES 
(12, 'Oak', '#B8860B', '["https://images.unsplash.com/photo-1506898667547-42e22a46e125?w=800&auto=format&fit=crop&q=80","https://images.unsplash.com/photo-1524758631624-e2822e304c36?w=800&auto=format&fit=crop&q=80","https://images.unsplash.com/photo-1555041469-a586c61ea9bc?w=800&auto=format&fit=crop&q=80","https://images.unsplash.com/photo-1493663284031-b7e3aefcae8e?w=800&auto=format&fit=crop&q=80"]'::jsonb, 20),
(12, 'White', '#FFFFFF', '["https://images.unsplash.com/photo-1524758631624-e2822e304c36?w=800&auto=format&fit=crop&q=80","https://images.unsplash.com/photo-1555041469-a586c61ea9bc?w=800&auto=format&fit=crop&q=80","https://images.unsplash.com/photo-1493663284031-b7e3aefcae8e?w=800&auto=format&fit=crop&q=80","https://images.unsplash.com/photo-1586023492125-27b2c045efd7?w=800&auto=format&fit=crop&q=80"]'::jsonb, 20),
(12, 'Black', '#000000', '["https://images.unsplash.com/photo-1555041469-a586c61ea9bc?w=800&auto=format&fit=crop&q=80","https://images.unsplash.com/photo-1493663284031-b7e3aefcae8e?w=800&auto=format&fit=crop&q=80","https://images.unsplash.com/photo-1586023492125-27b2c045efd7?w=800&auto=format&fit=crop&q=80","https://images.unsplash.com/photo-1484101403633-562f891dc89a?w=800&auto=format&fit=crop&q=80"]'::jsonb, 20),
(12, 'Grey', '#808080', '["https://images.unsplash.com/photo-1493663284031-b7e3aefcae8e?w=800&auto=format&fit=crop&q=80","https://images.unsplash.com/photo-1586023492125-27b2c045efd7?w=800&auto=format&fit=crop&q=80","https://images.unsplash.com/photo-1484101403633-562f891dc89a?w=800&auto=format&fit=crop&q=80","https://images.unsplash.com/photo-1618220179428-22790b461013?w=800&auto=format&fit=crop&q=80"]'::jsonb, 20);

INSERT INTO products (id, name, brand, category, description, material, dimensions, weight, warranty, buy_price, rent_price_week, rent_price_month, rating, review_count, stock_quantity, is_available, condition_type) VALUES 
(13, 'Marlow Queen Wooden Bed', 'WoodCraft', 'Bed', 'Introduce modern luxury and functionality to your space with the Marlow Queen Wooden Bed by WoodCraft. Crafted from high-quality Teak Wood, it is designed for both exceptional durability and superior comfort. Perfect for living rooms, bedrooms, or modern offices looking for an elegant touch. The sleek structure blends seamlessly with diverse aesthetics, making it a stellar addition to any home.', 'Teak Wood', '100 x 60 x 45 cm', '10 kg', '1 Year Warranty', 10000.00, 225.00, 900.00, 4.0, 5, 50, TRUE, 'new');
INSERT INTO product_variants (product_id, colour_name, colour_hex, images, stock) VALUES 
(13, 'Walnut', '#5C4033', '["https://images.unsplash.com/photo-1600210492486-724fe5c67fb0?w=800&auto=format&fit=crop&q=80","https://images.unsplash.com/photo-1505693416388-ac5ce068fe85?w=800&auto=format&fit=crop&q=80","https://images.unsplash.com/photo-1540518614846-7eded433c457?w=800&auto=format&fit=crop&q=80","https://images.unsplash.com/photo-1598928506311-c55ded91a20c?w=800&auto=format&fit=crop&q=80"]'::jsonb, 20),
(13, 'Oak', '#B8860B', '["https://images.unsplash.com/photo-1505693416388-ac5ce068fe85?w=800&auto=format&fit=crop&q=80","https://images.unsplash.com/photo-1540518614846-7eded433c457?w=800&auto=format&fit=crop&q=80","https://images.unsplash.com/photo-1598928506311-c55ded91a20c?w=800&auto=format&fit=crop&q=80","https://images.unsplash.com/photo-1522771739844-6a9f6d5f14af?w=800&auto=format&fit=crop&q=80"]'::jsonb, 20),
(13, 'White', '#FFFFFF', '["https://images.unsplash.com/photo-1540518614846-7eded433c457?w=800&auto=format&fit=crop&q=80","https://images.unsplash.com/photo-1598928506311-c55ded91a20c?w=800&auto=format&fit=crop&q=80","https://images.unsplash.com/photo-1522771739844-6a9f6d5f14af?w=800&auto=format&fit=crop&q=80","https://images.unsplash.com/photo-1566665797739-1674de7a421a?w=800&auto=format&fit=crop&q=80"]'::jsonb, 20),
(13, 'Black', '#000000', '["https://images.unsplash.com/photo-1598928506311-c55ded91a20c?w=800&auto=format&fit=crop&q=80","https://images.unsplash.com/photo-1522771739844-6a9f6d5f14af?w=800&auto=format&fit=crop&q=80","https://images.unsplash.com/photo-1566665797739-1674de7a421a?w=800&auto=format&fit=crop&q=80","https://images.unsplash.com/photo-1595428774223-ef52624120d2?w=800&auto=format&fit=crop&q=80"]'::jsonb, 20);

INSERT INTO products (id, name, brand, category, description, material, dimensions, weight, warranty, buy_price, rent_price_week, rent_price_month, rating, review_count, stock_quantity, is_available, condition_type) VALUES 
(14, 'Kingston King Bed with Storage', 'HomeBazaar', 'Bed', 'Introduce modern luxury and functionality to your space with the Kingston King Bed with Storage by HomeBazaar. Crafted from high-quality Sheesham Wood, it is designed for both exceptional durability and superior comfort. Perfect for living rooms, bedrooms, or modern offices looking for an elegant touch. The sleek structure blends seamlessly with diverse aesthetics, making it a stellar addition to any home.', 'Sheesham Wood', '105 x 63 x 47 cm', '12 kg', '2 Year Warranty', 16364.00, 296.00, 1182.00, 4.1, 13, 50, TRUE, 'like_new');
INSERT INTO product_variants (product_id, colour_name, colour_hex, images, stock) VALUES 
(14, 'Oak', '#B8860B', '["https://images.unsplash.com/photo-1505693416388-ac5ce068fe85?w=800&auto=format&fit=crop&q=80","https://images.unsplash.com/photo-1540518614846-7eded433c457?w=800&auto=format&fit=crop&q=80","https://images.unsplash.com/photo-1598928506311-c55ded91a20c?w=800&auto=format&fit=crop&q=80","https://images.unsplash.com/photo-1522771739844-6a9f6d5f14af?w=800&auto=format&fit=crop&q=80"]'::jsonb, 20),
(14, 'White', '#FFFFFF', '["https://images.unsplash.com/photo-1540518614846-7eded433c457?w=800&auto=format&fit=crop&q=80","https://images.unsplash.com/photo-1598928506311-c55ded91a20c?w=800&auto=format&fit=crop&q=80","https://images.unsplash.com/photo-1522771739844-6a9f6d5f14af?w=800&auto=format&fit=crop&q=80","https://images.unsplash.com/photo-1566665797739-1674de7a421a?w=800&auto=format&fit=crop&q=80"]'::jsonb, 20),
(14, 'Black', '#000000', '["https://images.unsplash.com/photo-1598928506311-c55ded91a20c?w=800&auto=format&fit=crop&q=80","https://images.unsplash.com/photo-1522771739844-6a9f6d5f14af?w=800&auto=format&fit=crop&q=80","https://images.unsplash.com/photo-1566665797739-1674de7a421a?w=800&auto=format&fit=crop&q=80","https://images.unsplash.com/photo-1595428774223-ef52624120d2?w=800&auto=format&fit=crop&q=80"]'::jsonb, 20),
(14, 'Grey', '#808080', '["https://images.unsplash.com/photo-1522771739844-6a9f6d5f14af?w=800&auto=format&fit=crop&q=80","https://images.unsplash.com/photo-1566665797739-1674de7a421a?w=800&auto=format&fit=crop&q=80","https://images.unsplash.com/photo-1595428774223-ef52624120d2?w=800&auto=format&fit=crop&q=80","https://images.unsplash.com/photo-1616486338812-3dadae4b4ace?w=800&auto=format&fit=crop&q=80"]'::jsonb, 20);

INSERT INTO products (id, name, brand, category, description, material, dimensions, weight, warranty, buy_price, rent_price_week, rent_price_month, rating, review_count, stock_quantity, is_available, condition_type) VALUES 
(15, 'Platform Minimalist Bed', 'RoyalOak', 'Bed', 'Introduce modern luxury and functionality to your space with the Platform Minimalist Bed by RoyalOak. Crafted from high-quality Engineered Wood, it is designed for both exceptional durability and superior comfort. Perfect for living rooms, bedrooms, or modern offices looking for an elegant touch. The sleek structure blends seamlessly with diverse aesthetics, making it a stellar addition to any home.', 'Engineered Wood', '110 x 66 x 49 cm', '14 kg', '3 Year Warranty', 22727.00, 366.00, 1464.00, 4.2, 21, 50, TRUE, 'refurbished');
INSERT INTO product_variants (product_id, colour_name, colour_hex, images, stock) VALUES 
(15, 'White', '#FFFFFF', '["https://images.unsplash.com/photo-1540518614846-7eded433c457?w=800&auto=format&fit=crop&q=80","https://images.unsplash.com/photo-1598928506311-c55ded91a20c?w=800&auto=format&fit=crop&q=80","https://images.unsplash.com/photo-1522771739844-6a9f6d5f14af?w=800&auto=format&fit=crop&q=80","https://images.unsplash.com/photo-1566665797739-1674de7a421a?w=800&auto=format&fit=crop&q=80"]'::jsonb, 20),
(15, 'Black', '#000000', '["https://images.unsplash.com/photo-1598928506311-c55ded91a20c?w=800&auto=format&fit=crop&q=80","https://images.unsplash.com/photo-1522771739844-6a9f6d5f14af?w=800&auto=format&fit=crop&q=80","https://images.unsplash.com/photo-1566665797739-1674de7a421a?w=800&auto=format&fit=crop&q=80","https://images.unsplash.com/photo-1595428774223-ef52624120d2?w=800&auto=format&fit=crop&q=80"]'::jsonb, 20),
(15, 'Grey', '#808080', '["https://images.unsplash.com/photo-1522771739844-6a9f6d5f14af?w=800&auto=format&fit=crop&q=80","https://images.unsplash.com/photo-1566665797739-1674de7a421a?w=800&auto=format&fit=crop&q=80","https://images.unsplash.com/photo-1595428774223-ef52624120d2?w=800&auto=format&fit=crop&q=80","https://images.unsplash.com/photo-1616486338812-3dadae4b4ace?w=800&auto=format&fit=crop&q=80"]'::jsonb, 20),
(15, 'Brown', '#8B4513', '["https://images.unsplash.com/photo-1566665797739-1674de7a421a?w=800&auto=format&fit=crop&q=80","https://images.unsplash.com/photo-1595428774223-ef52624120d2?w=800&auto=format&fit=crop&q=80","https://images.unsplash.com/photo-1616486338812-3dadae4b4ace?w=800&auto=format&fit=crop&q=80","https://images.unsplash.com/photo-1631049307264-da0ec9d70304?w=800&auto=format&fit=crop&q=80"]'::jsonb, 20);

INSERT INTO products (id, name, brand, category, description, material, dimensions, weight, warranty, buy_price, rent_price_week, rent_price_month, rating, review_count, stock_quantity, is_available, condition_type) VALUES 
(16, 'Imperial Classic Poster Bed', 'Nilkamal', 'Bed', 'Introduce modern luxury and functionality to your space with the Imperial Classic Poster Bed by Nilkamal. Crafted from high-quality Premium Fabric, it is designed for both exceptional durability and superior comfort. Perfect for living rooms, bedrooms, or modern offices looking for an elegant touch. The sleek structure blends seamlessly with diverse aesthetics, making it a stellar addition to any home.', 'Premium Fabric', '115 x 69 x 51 cm', '16 kg', '1 Year Warranty', 29091.00, 436.00, 1745.00, 4.3, 29, 50, TRUE, 'new');
INSERT INTO product_variants (product_id, colour_name, colour_hex, images, stock) VALUES 
(16, 'Black', '#000000', '["https://images.unsplash.com/photo-1598928506311-c55ded91a20c?w=800&auto=format&fit=crop&q=80","https://images.unsplash.com/photo-1522771739844-6a9f6d5f14af?w=800&auto=format&fit=crop&q=80","https://images.unsplash.com/photo-1566665797739-1674de7a421a?w=800&auto=format&fit=crop&q=80","https://images.unsplash.com/photo-1595428774223-ef52624120d2?w=800&auto=format&fit=crop&q=80"]'::jsonb, 20),
(16, 'Grey', '#808080', '["https://images.unsplash.com/photo-1522771739844-6a9f6d5f14af?w=800&auto=format&fit=crop&q=80","https://images.unsplash.com/photo-1566665797739-1674de7a421a?w=800&auto=format&fit=crop&q=80","https://images.unsplash.com/photo-1595428774223-ef52624120d2?w=800&auto=format&fit=crop&q=80","https://images.unsplash.com/photo-1616486338812-3dadae4b4ace?w=800&auto=format&fit=crop&q=80"]'::jsonb, 20),
(16, 'Brown', '#8B4513', '["https://images.unsplash.com/photo-1566665797739-1674de7a421a?w=800&auto=format&fit=crop&q=80","https://images.unsplash.com/photo-1595428774223-ef52624120d2?w=800&auto=format&fit=crop&q=80","https://images.unsplash.com/photo-1616486338812-3dadae4b4ace?w=800&auto=format&fit=crop&q=80","https://images.unsplash.com/photo-1631049307264-da0ec9d70304?w=800&auto=format&fit=crop&q=80"]'::jsonb, 20),
(16, 'Beige', '#F5F5DC', '["https://images.unsplash.com/photo-1595428774223-ef52624120d2?w=800&auto=format&fit=crop&q=80","https://images.unsplash.com/photo-1616486338812-3dadae4b4ace?w=800&auto=format&fit=crop&q=80","https://images.unsplash.com/photo-1631049307264-da0ec9d70304?w=800&auto=format&fit=crop&q=80","https://images.unsplash.com/photo-1583847268964-b28dc8f51f92?w=800&auto=format&fit=crop&q=80"]'::jsonb, 20);

INSERT INTO products (id, name, brand, category, description, material, dimensions, weight, warranty, buy_price, rent_price_week, rent_price_month, rating, review_count, stock_quantity, is_available, condition_type) VALUES 
(17, 'Novella Premium Single Bed', 'UrbanLadder', 'Bed', 'Introduce modern luxury and functionality to your space with the Novella Premium Single Bed by UrbanLadder. Crafted from high-quality Leatherette, it is designed for both exceptional durability and superior comfort. Perfect for living rooms, bedrooms, or modern offices looking for an elegant touch. The sleek structure blends seamlessly with diverse aesthetics, making it a stellar addition to any home.', 'Leatherette', '120 x 72 x 53 cm', '18 kg', '2 Year Warranty', 35455.00, 507.00, 2027.00, 4.4, 37, 50, TRUE, 'like_new');
INSERT INTO product_variants (product_id, colour_name, colour_hex, images, stock) VALUES 
(17, 'Grey', '#808080', '["https://images.unsplash.com/photo-1522771739844-6a9f6d5f14af?w=800&auto=format&fit=crop&q=80","https://images.unsplash.com/photo-1566665797739-1674de7a421a?w=800&auto=format&fit=crop&q=80","https://images.unsplash.com/photo-1595428774223-ef52624120d2?w=800&auto=format&fit=crop&q=80","https://images.unsplash.com/photo-1616486338812-3dadae4b4ace?w=800&auto=format&fit=crop&q=80"]'::jsonb, 20),
(17, 'Brown', '#8B4513', '["https://images.unsplash.com/photo-1566665797739-1674de7a421a?w=800&auto=format&fit=crop&q=80","https://images.unsplash.com/photo-1595428774223-ef52624120d2?w=800&auto=format&fit=crop&q=80","https://images.unsplash.com/photo-1616486338812-3dadae4b4ace?w=800&auto=format&fit=crop&q=80","https://images.unsplash.com/photo-1631049307264-da0ec9d70304?w=800&auto=format&fit=crop&q=80"]'::jsonb, 20),
(17, 'Beige', '#F5F5DC', '["https://images.unsplash.com/photo-1595428774223-ef52624120d2?w=800&auto=format&fit=crop&q=80","https://images.unsplash.com/photo-1616486338812-3dadae4b4ace?w=800&auto=format&fit=crop&q=80","https://images.unsplash.com/photo-1631049307264-da0ec9d70304?w=800&auto=format&fit=crop&q=80","https://images.unsplash.com/photo-1583847268964-b28dc8f51f92?w=800&auto=format&fit=crop&q=80"]'::jsonb, 20),
(17, 'Navy', '#000080', '["https://images.unsplash.com/photo-1616486338812-3dadae4b4ace?w=800&auto=format&fit=crop&q=80","https://images.unsplash.com/photo-1631049307264-da0ec9d70304?w=800&auto=format&fit=crop&q=80","https://images.unsplash.com/photo-1583847268964-b28dc8f51f92?w=800&auto=format&fit=crop&q=80","https://images.unsplash.com/photo-1507652313519-d4e9174996dd?w=800&auto=format&fit=crop&q=80"]'::jsonb, 20);

INSERT INTO products (id, name, brand, category, description, material, dimensions, weight, warranty, buy_price, rent_price_week, rent_price_month, rating, review_count, stock_quantity, is_available, condition_type) VALUES 
(18, 'Tuscany Hydraulic Lift Bed', 'Durian', 'Bed', 'Introduce modern luxury and functionality to your space with the Tuscany Hydraulic Lift Bed by Durian. Crafted from high-quality Metal & Alloy, it is designed for both exceptional durability and superior comfort. Perfect for living rooms, bedrooms, or modern offices looking for an elegant touch. The sleek structure blends seamlessly with diverse aesthetics, making it a stellar addition to any home.', 'Metal & Alloy', '125 x 75 x 55 cm', '20 kg', '3 Year Warranty', 41818.00, 577.00, 2309.00, 4.5, 45, 50, TRUE, 'refurbished');
INSERT INTO product_variants (product_id, colour_name, colour_hex, images, stock) VALUES 
(18, 'Walnut', '#5C4033', '["https://images.unsplash.com/photo-1566665797739-1674de7a421a?w=800&auto=format&fit=crop&q=80","https://images.unsplash.com/photo-1595428774223-ef52624120d2?w=800&auto=format&fit=crop&q=80","https://images.unsplash.com/photo-1616486338812-3dadae4b4ace?w=800&auto=format&fit=crop&q=80","https://images.unsplash.com/photo-1631049307264-da0ec9d70304?w=800&auto=format&fit=crop&q=80"]'::jsonb, 20),
(18, 'Oak', '#B8860B', '["https://images.unsplash.com/photo-1595428774223-ef52624120d2?w=800&auto=format&fit=crop&q=80","https://images.unsplash.com/photo-1616486338812-3dadae4b4ace?w=800&auto=format&fit=crop&q=80","https://images.unsplash.com/photo-1631049307264-da0ec9d70304?w=800&auto=format&fit=crop&q=80","https://images.unsplash.com/photo-1583847268964-b28dc8f51f92?w=800&auto=format&fit=crop&q=80"]'::jsonb, 20),
(18, 'White', '#FFFFFF', '["https://images.unsplash.com/photo-1616486338812-3dadae4b4ace?w=800&auto=format&fit=crop&q=80","https://images.unsplash.com/photo-1631049307264-da0ec9d70304?w=800&auto=format&fit=crop&q=80","https://images.unsplash.com/photo-1583847268964-b28dc8f51f92?w=800&auto=format&fit=crop&q=80","https://images.unsplash.com/photo-1507652313519-d4e9174996dd?w=800&auto=format&fit=crop&q=80"]'::jsonb, 20),
(18, 'Black', '#000000', '["https://images.unsplash.com/photo-1631049307264-da0ec9d70304?w=800&auto=format&fit=crop&q=80","https://images.unsplash.com/photo-1583847268964-b28dc8f51f92?w=800&auto=format&fit=crop&q=80","https://images.unsplash.com/photo-1507652313519-d4e9174996dd?w=800&auto=format&fit=crop&q=80","https://images.unsplash.com/photo-1590381105924-c72589b9ef3f?w=800&auto=format&fit=crop&q=80"]'::jsonb, 20);

INSERT INTO products (id, name, brand, category, description, material, dimensions, weight, warranty, buy_price, rent_price_week, rent_price_month, rating, review_count, stock_quantity, is_available, condition_type) VALUES 
(19, 'Aura Luxury Canopy Bed', 'FurnitureMart', 'Bed', 'Introduce modern luxury and functionality to your space with the Aura Luxury Canopy Bed by FurnitureMart. Crafted from high-quality MDF, it is designed for both exceptional durability and superior comfort. Perfect for living rooms, bedrooms, or modern offices looking for an elegant touch. The sleek structure blends seamlessly with diverse aesthetics, making it a stellar addition to any home.', 'MDF', '130 x 78 x 57 cm', '22 kg', '1 Year Warranty', 48182.00, 648.00, 2591.00, 4.6, 53, 50, TRUE, 'new');
INSERT INTO product_variants (product_id, colour_name, colour_hex, images, stock) VALUES 
(19, 'Oak', '#B8860B', '["https://images.unsplash.com/photo-1595428774223-ef52624120d2?w=800&auto=format&fit=crop&q=80","https://images.unsplash.com/photo-1616486338812-3dadae4b4ace?w=800&auto=format&fit=crop&q=80","https://images.unsplash.com/photo-1631049307264-da0ec9d70304?w=800&auto=format&fit=crop&q=80","https://images.unsplash.com/photo-1583847268964-b28dc8f51f92?w=800&auto=format&fit=crop&q=80"]'::jsonb, 20),
(19, 'White', '#FFFFFF', '["https://images.unsplash.com/photo-1616486338812-3dadae4b4ace?w=800&auto=format&fit=crop&q=80","https://images.unsplash.com/photo-1631049307264-da0ec9d70304?w=800&auto=format&fit=crop&q=80","https://images.unsplash.com/photo-1583847268964-b28dc8f51f92?w=800&auto=format&fit=crop&q=80","https://images.unsplash.com/photo-1507652313519-d4e9174996dd?w=800&auto=format&fit=crop&q=80"]'::jsonb, 20),
(19, 'Black', '#000000', '["https://images.unsplash.com/photo-1631049307264-da0ec9d70304?w=800&auto=format&fit=crop&q=80","https://images.unsplash.com/photo-1583847268964-b28dc8f51f92?w=800&auto=format&fit=crop&q=80","https://images.unsplash.com/photo-1507652313519-d4e9174996dd?w=800&auto=format&fit=crop&q=80","https://images.unsplash.com/photo-1590381105924-c72589b9ef3f?w=800&auto=format&fit=crop&q=80"]'::jsonb, 20),
(19, 'Grey', '#808080', '["https://images.unsplash.com/photo-1583847268964-b28dc8f51f92?w=800&auto=format&fit=crop&q=80","https://images.unsplash.com/photo-1507652313519-d4e9174996dd?w=800&auto=format&fit=crop&q=80","https://images.unsplash.com/photo-1590381105924-c72589b9ef3f?w=800&auto=format&fit=crop&q=80","https://images.unsplash.com/photo-1616594039964-ae9021a400a0?w=800&auto=format&fit=crop&q=80"]'::jsonb, 20);

INSERT INTO products (id, name, brand, category, description, material, dimensions, weight, warranty, buy_price, rent_price_week, rent_price_month, rating, review_count, stock_quantity, is_available, condition_type) VALUES 
(20, 'Slumber Low Platform Bed', 'DécorHome', 'Bed', 'Introduce modern luxury and functionality to your space with the Slumber Low Platform Bed by DécorHome. Crafted from high-quality Tempered Glass, it is designed for both exceptional durability and superior comfort. Perfect for living rooms, bedrooms, or modern offices looking for an elegant touch. The sleek structure blends seamlessly with diverse aesthetics, making it a stellar addition to any home.', 'Tempered Glass', '135 x 81 x 59 cm', '24 kg', '2 Year Warranty', 54545.00, 718.00, 2873.00, 4.7, 61, 50, TRUE, 'like_new');
INSERT INTO product_variants (product_id, colour_name, colour_hex, images, stock) VALUES 
(20, 'White', '#FFFFFF', '["https://images.unsplash.com/photo-1616486338812-3dadae4b4ace?w=800&auto=format&fit=crop&q=80","https://images.unsplash.com/photo-1631049307264-da0ec9d70304?w=800&auto=format&fit=crop&q=80","https://images.unsplash.com/photo-1583847268964-b28dc8f51f92?w=800&auto=format&fit=crop&q=80","https://images.unsplash.com/photo-1507652313519-d4e9174996dd?w=800&auto=format&fit=crop&q=80"]'::jsonb, 20),
(20, 'Black', '#000000', '["https://images.unsplash.com/photo-1631049307264-da0ec9d70304?w=800&auto=format&fit=crop&q=80","https://images.unsplash.com/photo-1583847268964-b28dc8f51f92?w=800&auto=format&fit=crop&q=80","https://images.unsplash.com/photo-1507652313519-d4e9174996dd?w=800&auto=format&fit=crop&q=80","https://images.unsplash.com/photo-1590381105924-c72589b9ef3f?w=800&auto=format&fit=crop&q=80"]'::jsonb, 20),
(20, 'Grey', '#808080', '["https://images.unsplash.com/photo-1583847268964-b28dc8f51f92?w=800&auto=format&fit=crop&q=80","https://images.unsplash.com/photo-1507652313519-d4e9174996dd?w=800&auto=format&fit=crop&q=80","https://images.unsplash.com/photo-1590381105924-c72589b9ef3f?w=800&auto=format&fit=crop&q=80","https://images.unsplash.com/photo-1616594039964-ae9021a400a0?w=800&auto=format&fit=crop&q=80"]'::jsonb, 20),
(20, 'Brown', '#8B4513', '["https://images.unsplash.com/photo-1507652313519-d4e9174996dd?w=800&auto=format&fit=crop&q=80","https://images.unsplash.com/photo-1590381105924-c72589b9ef3f?w=800&auto=format&fit=crop&q=80","https://images.unsplash.com/photo-1616594039964-ae9021a400a0?w=800&auto=format&fit=crop&q=80","https://images.unsplash.com/photo-1502672260266-1c1ef2d93688?w=800&auto=format&fit=crop&q=80"]'::jsonb, 20);

INSERT INTO products (id, name, brand, category, description, material, dimensions, weight, warranty, buy_price, rent_price_week, rent_price_month, rating, review_count, stock_quantity, is_available, condition_type) VALUES 
(21, 'Oasis Solid Teak Bed', 'WoodCraft', 'Bed', 'Introduce modern luxury and functionality to your space with the Oasis Solid Teak Bed by WoodCraft. Crafted from high-quality Teak Wood, it is designed for both exceptional durability and superior comfort. Perfect for living rooms, bedrooms, or modern offices looking for an elegant touch. The sleek structure blends seamlessly with diverse aesthetics, making it a stellar addition to any home.', 'Teak Wood', '140 x 84 x 61 cm', '26 kg', '3 Year Warranty', 60909.00, 789.00, 3155.00, 4.8, 69, 50, TRUE, 'refurbished');
INSERT INTO product_variants (product_id, colour_name, colour_hex, images, stock) VALUES 
(21, 'Black', '#000000', '["https://images.unsplash.com/photo-1631049307264-da0ec9d70304?w=800&auto=format&fit=crop&q=80","https://images.unsplash.com/photo-1583847268964-b28dc8f51f92?w=800&auto=format&fit=crop&q=80","https://images.unsplash.com/photo-1507652313519-d4e9174996dd?w=800&auto=format&fit=crop&q=80","https://images.unsplash.com/photo-1590381105924-c72589b9ef3f?w=800&auto=format&fit=crop&q=80"]'::jsonb, 20),
(21, 'Grey', '#808080', '["https://images.unsplash.com/photo-1583847268964-b28dc8f51f92?w=800&auto=format&fit=crop&q=80","https://images.unsplash.com/photo-1507652313519-d4e9174996dd?w=800&auto=format&fit=crop&q=80","https://images.unsplash.com/photo-1590381105924-c72589b9ef3f?w=800&auto=format&fit=crop&q=80","https://images.unsplash.com/photo-1616594039964-ae9021a400a0?w=800&auto=format&fit=crop&q=80"]'::jsonb, 20),
(21, 'Brown', '#8B4513', '["https://images.unsplash.com/photo-1507652313519-d4e9174996dd?w=800&auto=format&fit=crop&q=80","https://images.unsplash.com/photo-1590381105924-c72589b9ef3f?w=800&auto=format&fit=crop&q=80","https://images.unsplash.com/photo-1616594039964-ae9021a400a0?w=800&auto=format&fit=crop&q=80","https://images.unsplash.com/photo-1502672260266-1c1ef2d93688?w=800&auto=format&fit=crop&q=80"]'::jsonb, 20),
(21, 'Beige', '#F5F5DC', '["https://images.unsplash.com/photo-1590381105924-c72589b9ef3f?w=800&auto=format&fit=crop&q=80","https://images.unsplash.com/photo-1616594039964-ae9021a400a0?w=800&auto=format&fit=crop&q=80","https://images.unsplash.com/photo-1502672260266-1c1ef2d93688?w=800&auto=format&fit=crop&q=80","https://images.unsplash.com/photo-1600210492486-724fe5c67fb0?w=800&auto=format&fit=crop&q=80"]'::jsonb, 20);

INSERT INTO products (id, name, brand, category, description, material, dimensions, weight, warranty, buy_price, rent_price_week, rent_price_month, rating, review_count, stock_quantity, is_available, condition_type) VALUES 
(22, 'Urban Space-Saver Single Bed', 'HomeBazaar', 'Bed', 'Introduce modern luxury and functionality to your space with the Urban Space-Saver Single Bed by HomeBazaar. Crafted from high-quality Sheesham Wood, it is designed for both exceptional durability and superior comfort. Perfect for living rooms, bedrooms, or modern offices looking for an elegant touch. The sleek structure blends seamlessly with diverse aesthetics, making it a stellar addition to any home.', 'Sheesham Wood', '145 x 87 x 63 cm', '28 kg', '1 Year Warranty', 67273.00, 859.00, 3436.00, 4.9, 77, 50, TRUE, 'new');
INSERT INTO product_variants (product_id, colour_name, colour_hex, images, stock) VALUES 
(22, 'Grey', '#808080', '["https://images.unsplash.com/photo-1583847268964-b28dc8f51f92?w=800&auto=format&fit=crop&q=80","https://images.unsplash.com/photo-1507652313519-d4e9174996dd?w=800&auto=format&fit=crop&q=80","https://images.unsplash.com/photo-1590381105924-c72589b9ef3f?w=800&auto=format&fit=crop&q=80","https://images.unsplash.com/photo-1616594039964-ae9021a400a0?w=800&auto=format&fit=crop&q=80"]'::jsonb, 20),
(22, 'Brown', '#8B4513', '["https://images.unsplash.com/photo-1507652313519-d4e9174996dd?w=800&auto=format&fit=crop&q=80","https://images.unsplash.com/photo-1590381105924-c72589b9ef3f?w=800&auto=format&fit=crop&q=80","https://images.unsplash.com/photo-1616594039964-ae9021a400a0?w=800&auto=format&fit=crop&q=80","https://images.unsplash.com/photo-1502672260266-1c1ef2d93688?w=800&auto=format&fit=crop&q=80"]'::jsonb, 20),
(22, 'Beige', '#F5F5DC', '["https://images.unsplash.com/photo-1590381105924-c72589b9ef3f?w=800&auto=format&fit=crop&q=80","https://images.unsplash.com/photo-1616594039964-ae9021a400a0?w=800&auto=format&fit=crop&q=80","https://images.unsplash.com/photo-1502672260266-1c1ef2d93688?w=800&auto=format&fit=crop&q=80","https://images.unsplash.com/photo-1600210492486-724fe5c67fb0?w=800&auto=format&fit=crop&q=80"]'::jsonb, 20),
(22, 'Navy', '#000080', '["https://images.unsplash.com/photo-1616594039964-ae9021a400a0?w=800&auto=format&fit=crop&q=80","https://images.unsplash.com/photo-1502672260266-1c1ef2d93688?w=800&auto=format&fit=crop&q=80","https://images.unsplash.com/photo-1600210492486-724fe5c67fb0?w=800&auto=format&fit=crop&q=80","https://images.unsplash.com/photo-1505693416388-ac5ce068fe85?w=800&auto=format&fit=crop&q=80"]'::jsonb, 20);

INSERT INTO products (id, name, brand, category, description, material, dimensions, weight, warranty, buy_price, rent_price_week, rent_price_month, rating, review_count, stock_quantity, is_available, condition_type) VALUES 
(23, 'Regal Velvet Upholstered Bed', 'RoyalOak', 'Bed', 'Introduce modern luxury and functionality to your space with the Regal Velvet Upholstered Bed by RoyalOak. Crafted from high-quality Engineered Wood, it is designed for both exceptional durability and superior comfort. Perfect for living rooms, bedrooms, or modern offices looking for an elegant touch. The sleek structure blends seamlessly with diverse aesthetics, making it a stellar addition to any home.', 'Engineered Wood', '150 x 90 x 65 cm', '30 kg', '2 Year Warranty', 73636.00, 930.00, 3718.00, 4.0, 85, 50, TRUE, 'like_new');
INSERT INTO product_variants (product_id, colour_name, colour_hex, images, stock) VALUES 
(23, 'Walnut', '#5C4033', '["https://images.unsplash.com/photo-1507652313519-d4e9174996dd?w=800&auto=format&fit=crop&q=80","https://images.unsplash.com/photo-1590381105924-c72589b9ef3f?w=800&auto=format&fit=crop&q=80","https://images.unsplash.com/photo-1616594039964-ae9021a400a0?w=800&auto=format&fit=crop&q=80","https://images.unsplash.com/photo-1502672260266-1c1ef2d93688?w=800&auto=format&fit=crop&q=80"]'::jsonb, 20),
(23, 'Oak', '#B8860B', '["https://images.unsplash.com/photo-1590381105924-c72589b9ef3f?w=800&auto=format&fit=crop&q=80","https://images.unsplash.com/photo-1616594039964-ae9021a400a0?w=800&auto=format&fit=crop&q=80","https://images.unsplash.com/photo-1502672260266-1c1ef2d93688?w=800&auto=format&fit=crop&q=80","https://images.unsplash.com/photo-1600210492486-724fe5c67fb0?w=800&auto=format&fit=crop&q=80"]'::jsonb, 20),
(23, 'White', '#FFFFFF', '["https://images.unsplash.com/photo-1616594039964-ae9021a400a0?w=800&auto=format&fit=crop&q=80","https://images.unsplash.com/photo-1502672260266-1c1ef2d93688?w=800&auto=format&fit=crop&q=80","https://images.unsplash.com/photo-1600210492486-724fe5c67fb0?w=800&auto=format&fit=crop&q=80","https://images.unsplash.com/photo-1505693416388-ac5ce068fe85?w=800&auto=format&fit=crop&q=80"]'::jsonb, 20),
(23, 'Black', '#000000', '["https://images.unsplash.com/photo-1502672260266-1c1ef2d93688?w=800&auto=format&fit=crop&q=80","https://images.unsplash.com/photo-1600210492486-724fe5c67fb0?w=800&auto=format&fit=crop&q=80","https://images.unsplash.com/photo-1505693416388-ac5ce068fe85?w=800&auto=format&fit=crop&q=80","https://images.unsplash.com/photo-1540518614846-7eded433c457?w=800&auto=format&fit=crop&q=80"]'::jsonb, 20);

INSERT INTO products (id, name, brand, category, description, material, dimensions, weight, warranty, buy_price, rent_price_week, rent_price_month, rating, review_count, stock_quantity, is_available, condition_type) VALUES 
(24, 'Eco-Pine Foldable Bed', 'Nilkamal', 'Bed', 'Introduce modern luxury and functionality to your space with the Eco-Pine Foldable Bed by Nilkamal. Crafted from high-quality Premium Fabric, it is designed for both exceptional durability and superior comfort. Perfect for living rooms, bedrooms, or modern offices looking for an elegant touch. The sleek structure blends seamlessly with diverse aesthetics, making it a stellar addition to any home.', 'Premium Fabric', '155 x 93 x 67 cm', '32 kg', '3 Year Warranty', 80000.00, 1000.00, 4000.00, 4.1, 93, 50, TRUE, 'refurbished');
INSERT INTO product_variants (product_id, colour_name, colour_hex, images, stock) VALUES 
(24, 'Oak', '#B8860B', '["https://images.unsplash.com/photo-1590381105924-c72589b9ef3f?w=800&auto=format&fit=crop&q=80","https://images.unsplash.com/photo-1616594039964-ae9021a400a0?w=800&auto=format&fit=crop&q=80","https://images.unsplash.com/photo-1502672260266-1c1ef2d93688?w=800&auto=format&fit=crop&q=80","https://images.unsplash.com/photo-1600210492486-724fe5c67fb0?w=800&auto=format&fit=crop&q=80"]'::jsonb, 20),
(24, 'White', '#FFFFFF', '["https://images.unsplash.com/photo-1616594039964-ae9021a400a0?w=800&auto=format&fit=crop&q=80","https://images.unsplash.com/photo-1502672260266-1c1ef2d93688?w=800&auto=format&fit=crop&q=80","https://images.unsplash.com/photo-1600210492486-724fe5c67fb0?w=800&auto=format&fit=crop&q=80","https://images.unsplash.com/photo-1505693416388-ac5ce068fe85?w=800&auto=format&fit=crop&q=80"]'::jsonb, 20),
(24, 'Black', '#000000', '["https://images.unsplash.com/photo-1502672260266-1c1ef2d93688?w=800&auto=format&fit=crop&q=80","https://images.unsplash.com/photo-1600210492486-724fe5c67fb0?w=800&auto=format&fit=crop&q=80","https://images.unsplash.com/photo-1505693416388-ac5ce068fe85?w=800&auto=format&fit=crop&q=80","https://images.unsplash.com/photo-1540518614846-7eded433c457?w=800&auto=format&fit=crop&q=80"]'::jsonb, 20),
(24, 'Grey', '#808080', '["https://images.unsplash.com/photo-1600210492486-724fe5c67fb0?w=800&auto=format&fit=crop&q=80","https://images.unsplash.com/photo-1505693416388-ac5ce068fe85?w=800&auto=format&fit=crop&q=80","https://images.unsplash.com/photo-1540518614846-7eded433c457?w=800&auto=format&fit=crop&q=80","https://images.unsplash.com/photo-1598928506311-c55ded91a20c?w=800&auto=format&fit=crop&q=80"]'::jsonb, 20);

INSERT INTO products (id, name, brand, category, description, material, dimensions, weight, warranty, buy_price, rent_price_week, rent_price_month, rating, review_count, stock_quantity, is_available, condition_type) VALUES 
(25, 'Verona 6-Seater Table', 'WoodCraft', 'Dining Table', 'Introduce modern luxury and functionality to your space with the Verona 6-Seater Table by WoodCraft. Crafted from high-quality Teak Wood, it is designed for both exceptional durability and superior comfort. Perfect for living rooms, bedrooms, or modern offices looking for an elegant touch. The sleek structure blends seamlessly with diverse aesthetics, making it a stellar addition to any home.', 'Teak Wood', '100 x 60 x 45 cm', '10 kg', '1 Year Warranty', 6000.00, 150.00, 600.00, 4.0, 5, 50, TRUE, 'new');
INSERT INTO product_variants (product_id, colour_name, colour_hex, images, stock) VALUES 
(25, 'Walnut', '#5C4033', '["https://images.unsplash.com/photo-1590381105924-c72589b9ef3f?w=800&auto=format&fit=crop&q=80","https://images.unsplash.com/photo-1533090161767-e6ffed986c88?w=800&auto=format&fit=crop&q=80","https://images.unsplash.com/photo-1565793298595-6a879b1d9492?w=800&auto=format&fit=crop&q=80","https://images.unsplash.com/photo-1581428982868-e410dd047a90?w=800&auto=format&fit=crop&q=80"]'::jsonb, 20),
(25, 'Oak', '#B8860B', '["https://images.unsplash.com/photo-1533090161767-e6ffed986c88?w=800&auto=format&fit=crop&q=80","https://images.unsplash.com/photo-1565793298595-6a879b1d9492?w=800&auto=format&fit=crop&q=80","https://images.unsplash.com/photo-1581428982868-e410dd047a90?w=800&auto=format&fit=crop&q=80","https://images.unsplash.com/photo-1600607687939-ce8a6c25118c?w=800&auto=format&fit=crop&q=80"]'::jsonb, 20),
(25, 'White', '#FFFFFF', '["https://images.unsplash.com/photo-1565793298595-6a879b1d9492?w=800&auto=format&fit=crop&q=80","https://images.unsplash.com/photo-1581428982868-e410dd047a90?w=800&auto=format&fit=crop&q=80","https://images.unsplash.com/photo-1600607687939-ce8a6c25118c?w=800&auto=format&fit=crop&q=80","https://images.unsplash.com/photo-1615066390971-03e4e1c36ddf?w=800&auto=format&fit=crop&q=80"]'::jsonb, 20),
(25, 'Black', '#000000', '["https://images.unsplash.com/photo-1581428982868-e410dd047a90?w=800&auto=format&fit=crop&q=80","https://images.unsplash.com/photo-1600607687939-ce8a6c25118c?w=800&auto=format&fit=crop&q=80","https://images.unsplash.com/photo-1615066390971-03e4e1c36ddf?w=800&auto=format&fit=crop&q=80","https://images.unsplash.com/photo-1577140917170-285929fb55b7?w=800&auto=format&fit=crop&q=80"]'::jsonb, 20);

INSERT INTO products (id, name, brand, category, description, material, dimensions, weight, warranty, buy_price, rent_price_week, rent_price_month, rating, review_count, stock_quantity, is_available, condition_type) VALUES 
(26, 'Nordic 4-Seater Dining Set', 'HomeBazaar', 'Dining Table', 'Introduce modern luxury and functionality to your space with the Nordic 4-Seater Dining Set by HomeBazaar. Crafted from high-quality Sheesham Wood, it is designed for both exceptional durability and superior comfort. Perfect for living rooms, bedrooms, or modern offices looking for an elegant touch. The sleek structure blends seamlessly with diverse aesthetics, making it a stellar addition to any home.', 'Sheesham Wood', '105 x 63 x 47 cm', '12 kg', '2 Year Warranty', 10857.00, 218.00, 871.00, 4.1, 13, 50, TRUE, 'like_new');
INSERT INTO product_variants (product_id, colour_name, colour_hex, images, stock) VALUES 
(26, 'Oak', '#B8860B', '["https://images.unsplash.com/photo-1533090161767-e6ffed986c88?w=800&auto=format&fit=crop&q=80","https://images.unsplash.com/photo-1565793298595-6a879b1d9492?w=800&auto=format&fit=crop&q=80","https://images.unsplash.com/photo-1581428982868-e410dd047a90?w=800&auto=format&fit=crop&q=80","https://images.unsplash.com/photo-1600607687939-ce8a6c25118c?w=800&auto=format&fit=crop&q=80"]'::jsonb, 20),
(26, 'White', '#FFFFFF', '["https://images.unsplash.com/photo-1565793298595-6a879b1d9492?w=800&auto=format&fit=crop&q=80","https://images.unsplash.com/photo-1581428982868-e410dd047a90?w=800&auto=format&fit=crop&q=80","https://images.unsplash.com/photo-1600607687939-ce8a6c25118c?w=800&auto=format&fit=crop&q=80","https://images.unsplash.com/photo-1615066390971-03e4e1c36ddf?w=800&auto=format&fit=crop&q=80"]'::jsonb, 20),
(26, 'Black', '#000000', '["https://images.unsplash.com/photo-1581428982868-e410dd047a90?w=800&auto=format&fit=crop&q=80","https://images.unsplash.com/photo-1600607687939-ce8a6c25118c?w=800&auto=format&fit=crop&q=80","https://images.unsplash.com/photo-1615066390971-03e4e1c36ddf?w=800&auto=format&fit=crop&q=80","https://images.unsplash.com/photo-1577140917170-285929fb55b7?w=800&auto=format&fit=crop&q=80"]'::jsonb, 20),
(26, 'Grey', '#808080', '["https://images.unsplash.com/photo-1600607687939-ce8a6c25118c?w=800&auto=format&fit=crop&q=80","https://images.unsplash.com/photo-1615066390971-03e4e1c36ddf?w=800&auto=format&fit=crop&q=80","https://images.unsplash.com/photo-1577140917170-285929fb55b7?w=800&auto=format&fit=crop&q=80","https://images.unsplash.com/photo-1595515106969-1ce29566ff1c?w=800&auto=format&fit=crop&q=80"]'::jsonb, 20);

INSERT INTO products (id, name, brand, category, description, material, dimensions, weight, warranty, buy_price, rent_price_week, rent_price_month, rating, review_count, stock_quantity, is_available, condition_type) VALUES 
(27, 'Prism Glass Dining Table', 'RoyalOak', 'Dining Table', 'Introduce modern luxury and functionality to your space with the Prism Glass Dining Table by RoyalOak. Crafted from high-quality Engineered Wood, it is designed for both exceptional durability and superior comfort. Perfect for living rooms, bedrooms, or modern offices looking for an elegant touch. The sleek structure blends seamlessly with diverse aesthetics, making it a stellar addition to any home.', 'Engineered Wood', '110 x 66 x 49 cm', '14 kg', '3 Year Warranty', 15714.00, 286.00, 1143.00, 4.2, 21, 50, TRUE, 'refurbished');
INSERT INTO product_variants (product_id, colour_name, colour_hex, images, stock) VALUES 
(27, 'White', '#FFFFFF', '["https://images.unsplash.com/photo-1565793298595-6a879b1d9492?w=800&auto=format&fit=crop&q=80","https://images.unsplash.com/photo-1581428982868-e410dd047a90?w=800&auto=format&fit=crop&q=80","https://images.unsplash.com/photo-1600607687939-ce8a6c25118c?w=800&auto=format&fit=crop&q=80","https://images.unsplash.com/photo-1615066390971-03e4e1c36ddf?w=800&auto=format&fit=crop&q=80"]'::jsonb, 20),
(27, 'Black', '#000000', '["https://images.unsplash.com/photo-1581428982868-e410dd047a90?w=800&auto=format&fit=crop&q=80","https://images.unsplash.com/photo-1600607687939-ce8a6c25118c?w=800&auto=format&fit=crop&q=80","https://images.unsplash.com/photo-1615066390971-03e4e1c36ddf?w=800&auto=format&fit=crop&q=80","https://images.unsplash.com/photo-1577140917170-285929fb55b7?w=800&auto=format&fit=crop&q=80"]'::jsonb, 20),
(27, 'Grey', '#808080', '["https://images.unsplash.com/photo-1600607687939-ce8a6c25118c?w=800&auto=format&fit=crop&q=80","https://images.unsplash.com/photo-1615066390971-03e4e1c36ddf?w=800&auto=format&fit=crop&q=80","https://images.unsplash.com/photo-1577140917170-285929fb55b7?w=800&auto=format&fit=crop&q=80","https://images.unsplash.com/photo-1595515106969-1ce29566ff1c?w=800&auto=format&fit=crop&q=80"]'::jsonb, 20),
(27, 'Brown', '#8B4513', '["https://images.unsplash.com/photo-1615066390971-03e4e1c36ddf?w=800&auto=format&fit=crop&q=80","https://images.unsplash.com/photo-1577140917170-285929fb55b7?w=800&auto=format&fit=crop&q=80","https://images.unsplash.com/photo-1595515106969-1ce29566ff1c?w=800&auto=format&fit=crop&q=80","https://images.unsplash.com/photo-1604014237800-1c9102c219da?w=800&auto=format&fit=crop&q=80"]'::jsonb, 20);

INSERT INTO products (id, name, brand, category, description, material, dimensions, weight, warranty, buy_price, rent_price_week, rent_price_month, rating, review_count, stock_quantity, is_available, condition_type) VALUES 
(28, 'Heritage Sheesham Table', 'Nilkamal', 'Dining Table', 'Introduce modern luxury and functionality to your space with the Heritage Sheesham Table by Nilkamal. Crafted from high-quality Premium Fabric, it is designed for both exceptional durability and superior comfort. Perfect for living rooms, bedrooms, or modern offices looking for an elegant touch. The sleek structure blends seamlessly with diverse aesthetics, making it a stellar addition to any home.', 'Premium Fabric', '115 x 69 x 51 cm', '16 kg', '1 Year Warranty', 20571.00, 354.00, 1414.00, 4.3, 29, 50, TRUE, 'new');
INSERT INTO product_variants (product_id, colour_name, colour_hex, images, stock) VALUES 
(28, 'Black', '#000000', '["https://images.unsplash.com/photo-1581428982868-e410dd047a90?w=800&auto=format&fit=crop&q=80","https://images.unsplash.com/photo-1600607687939-ce8a6c25118c?w=800&auto=format&fit=crop&q=80","https://images.unsplash.com/photo-1615066390971-03e4e1c36ddf?w=800&auto=format&fit=crop&q=80","https://images.unsplash.com/photo-1577140917170-285929fb55b7?w=800&auto=format&fit=crop&q=80"]'::jsonb, 20),
(28, 'Grey', '#808080', '["https://images.unsplash.com/photo-1600607687939-ce8a6c25118c?w=800&auto=format&fit=crop&q=80","https://images.unsplash.com/photo-1615066390971-03e4e1c36ddf?w=800&auto=format&fit=crop&q=80","https://images.unsplash.com/photo-1577140917170-285929fb55b7?w=800&auto=format&fit=crop&q=80","https://images.unsplash.com/photo-1595515106969-1ce29566ff1c?w=800&auto=format&fit=crop&q=80"]'::jsonb, 20),
(28, 'Brown', '#8B4513', '["https://images.unsplash.com/photo-1615066390971-03e4e1c36ddf?w=800&auto=format&fit=crop&q=80","https://images.unsplash.com/photo-1577140917170-285929fb55b7?w=800&auto=format&fit=crop&q=80","https://images.unsplash.com/photo-1595515106969-1ce29566ff1c?w=800&auto=format&fit=crop&q=80","https://images.unsplash.com/photo-1604014237800-1c9102c219da?w=800&auto=format&fit=crop&q=80"]'::jsonb, 20),
(28, 'Beige', '#F5F5DC', '["https://images.unsplash.com/photo-1577140917170-285929fb55b7?w=800&auto=format&fit=crop&q=80","https://images.unsplash.com/photo-1595515106969-1ce29566ff1c?w=800&auto=format&fit=crop&q=80","https://images.unsplash.com/photo-1604014237800-1c9102c219da?w=800&auto=format&fit=crop&q=80","https://images.unsplash.com/photo-1544816155-12df9643f363?w=800&auto=format&fit=crop&q=80"]'::jsonb, 20);

INSERT INTO products (id, name, brand, category, description, material, dimensions, weight, warranty, buy_price, rent_price_week, rent_price_month, rating, review_count, stock_quantity, is_available, condition_type) VALUES 
(29, 'Avon Folding Dining Desk', 'UrbanLadder', 'Dining Table', 'Introduce modern luxury and functionality to your space with the Avon Folding Dining Desk by UrbanLadder. Crafted from high-quality Leatherette, it is designed for both exceptional durability and superior comfort. Perfect for living rooms, bedrooms, or modern offices looking for an elegant touch. The sleek structure blends seamlessly with diverse aesthetics, making it a stellar addition to any home.', 'Leatherette', '120 x 72 x 53 cm', '18 kg', '2 Year Warranty', 25429.00, 422.00, 1686.00, 4.4, 37, 50, TRUE, 'like_new');
INSERT INTO product_variants (product_id, colour_name, colour_hex, images, stock) VALUES 
(29, 'Grey', '#808080', '["https://images.unsplash.com/photo-1600607687939-ce8a6c25118c?w=800&auto=format&fit=crop&q=80","https://images.unsplash.com/photo-1615066390971-03e4e1c36ddf?w=800&auto=format&fit=crop&q=80","https://images.unsplash.com/photo-1577140917170-285929fb55b7?w=800&auto=format&fit=crop&q=80","https://images.unsplash.com/photo-1595515106969-1ce29566ff1c?w=800&auto=format&fit=crop&q=80"]'::jsonb, 20),
(29, 'Brown', '#8B4513', '["https://images.unsplash.com/photo-1615066390971-03e4e1c36ddf?w=800&auto=format&fit=crop&q=80","https://images.unsplash.com/photo-1577140917170-285929fb55b7?w=800&auto=format&fit=crop&q=80","https://images.unsplash.com/photo-1595515106969-1ce29566ff1c?w=800&auto=format&fit=crop&q=80","https://images.unsplash.com/photo-1604014237800-1c9102c219da?w=800&auto=format&fit=crop&q=80"]'::jsonb, 20),
(29, 'Beige', '#F5F5DC', '["https://images.unsplash.com/photo-1577140917170-285929fb55b7?w=800&auto=format&fit=crop&q=80","https://images.unsplash.com/photo-1595515106969-1ce29566ff1c?w=800&auto=format&fit=crop&q=80","https://images.unsplash.com/photo-1604014237800-1c9102c219da?w=800&auto=format&fit=crop&q=80","https://images.unsplash.com/photo-1544816155-12df9643f363?w=800&auto=format&fit=crop&q=80"]'::jsonb, 20),
(29, 'Navy', '#000080', '["https://images.unsplash.com/photo-1595515106969-1ce29566ff1c?w=800&auto=format&fit=crop&q=80","https://images.unsplash.com/photo-1604014237800-1c9102c219da?w=800&auto=format&fit=crop&q=80","https://images.unsplash.com/photo-1544816155-12df9643f363?w=800&auto=format&fit=crop&q=80","https://images.unsplash.com/photo-1590381105924-c72589b9ef3f?w=800&auto=format&fit=crop&q=80"]'::jsonb, 20);

INSERT INTO products (id, name, brand, category, description, material, dimensions, weight, warranty, buy_price, rent_price_week, rent_price_month, rating, review_count, stock_quantity, is_available, condition_type) VALUES 
(30, 'Tuscan Rustic Banquet Table', 'Durian', 'Dining Table', 'Introduce modern luxury and functionality to your space with the Tuscan Rustic Banquet Table by Durian. Crafted from high-quality Metal & Alloy, it is designed for both exceptional durability and superior comfort. Perfect for living rooms, bedrooms, or modern offices looking for an elegant touch. The sleek structure blends seamlessly with diverse aesthetics, making it a stellar addition to any home.', 'Metal & Alloy', '125 x 75 x 55 cm', '20 kg', '3 Year Warranty', 30286.00, 489.00, 1957.00, 4.5, 45, 50, TRUE, 'refurbished');
INSERT INTO product_variants (product_id, colour_name, colour_hex, images, stock) VALUES 
(30, 'Walnut', '#5C4033', '["https://images.unsplash.com/photo-1615066390971-03e4e1c36ddf?w=800&auto=format&fit=crop&q=80","https://images.unsplash.com/photo-1577140917170-285929fb55b7?w=800&auto=format&fit=crop&q=80","https://images.unsplash.com/photo-1595515106969-1ce29566ff1c?w=800&auto=format&fit=crop&q=80","https://images.unsplash.com/photo-1604014237800-1c9102c219da?w=800&auto=format&fit=crop&q=80"]'::jsonb, 20),
(30, 'Oak', '#B8860B', '["https://images.unsplash.com/photo-1577140917170-285929fb55b7?w=800&auto=format&fit=crop&q=80","https://images.unsplash.com/photo-1595515106969-1ce29566ff1c?w=800&auto=format&fit=crop&q=80","https://images.unsplash.com/photo-1604014237800-1c9102c219da?w=800&auto=format&fit=crop&q=80","https://images.unsplash.com/photo-1544816155-12df9643f363?w=800&auto=format&fit=crop&q=80"]'::jsonb, 20),
(30, 'White', '#FFFFFF', '["https://images.unsplash.com/photo-1595515106969-1ce29566ff1c?w=800&auto=format&fit=crop&q=80","https://images.unsplash.com/photo-1604014237800-1c9102c219da?w=800&auto=format&fit=crop&q=80","https://images.unsplash.com/photo-1544816155-12df9643f363?w=800&auto=format&fit=crop&q=80","https://images.unsplash.com/photo-1590381105924-c72589b9ef3f?w=800&auto=format&fit=crop&q=80"]'::jsonb, 20),
(30, 'Black', '#000000', '["https://images.unsplash.com/photo-1604014237800-1c9102c219da?w=800&auto=format&fit=crop&q=80","https://images.unsplash.com/photo-1544816155-12df9643f363?w=800&auto=format&fit=crop&q=80","https://images.unsplash.com/photo-1590381105924-c72589b9ef3f?w=800&auto=format&fit=crop&q=80","https://images.unsplash.com/photo-1533090161767-e6ffed986c88?w=800&auto=format&fit=crop&q=80"]'::jsonb, 20);

INSERT INTO products (id, name, brand, category, description, material, dimensions, weight, warranty, buy_price, rent_price_week, rent_price_month, rating, review_count, stock_quantity, is_available, condition_type) VALUES 
(31, 'Sleek Compact Bistro Table', 'FurnitureMart', 'Dining Table', 'Introduce modern luxury and functionality to your space with the Sleek Compact Bistro Table by FurnitureMart. Crafted from high-quality MDF, it is designed for both exceptional durability and superior comfort. Perfect for living rooms, bedrooms, or modern offices looking for an elegant touch. The sleek structure blends seamlessly with diverse aesthetics, making it a stellar addition to any home.', 'MDF', '130 x 78 x 57 cm', '22 kg', '1 Year Warranty', 35143.00, 557.00, 2229.00, 4.6, 53, 50, TRUE, 'new');
INSERT INTO product_variants (product_id, colour_name, colour_hex, images, stock) VALUES 
(31, 'Oak', '#B8860B', '["https://images.unsplash.com/photo-1577140917170-285929fb55b7?w=800&auto=format&fit=crop&q=80","https://images.unsplash.com/photo-1595515106969-1ce29566ff1c?w=800&auto=format&fit=crop&q=80","https://images.unsplash.com/photo-1604014237800-1c9102c219da?w=800&auto=format&fit=crop&q=80","https://images.unsplash.com/photo-1544816155-12df9643f363?w=800&auto=format&fit=crop&q=80"]'::jsonb, 20),
(31, 'White', '#FFFFFF', '["https://images.unsplash.com/photo-1595515106969-1ce29566ff1c?w=800&auto=format&fit=crop&q=80","https://images.unsplash.com/photo-1604014237800-1c9102c219da?w=800&auto=format&fit=crop&q=80","https://images.unsplash.com/photo-1544816155-12df9643f363?w=800&auto=format&fit=crop&q=80","https://images.unsplash.com/photo-1590381105924-c72589b9ef3f?w=800&auto=format&fit=crop&q=80"]'::jsonb, 20),
(31, 'Black', '#000000', '["https://images.unsplash.com/photo-1604014237800-1c9102c219da?w=800&auto=format&fit=crop&q=80","https://images.unsplash.com/photo-1544816155-12df9643f363?w=800&auto=format&fit=crop&q=80","https://images.unsplash.com/photo-1590381105924-c72589b9ef3f?w=800&auto=format&fit=crop&q=80","https://images.unsplash.com/photo-1533090161767-e6ffed986c88?w=800&auto=format&fit=crop&q=80"]'::jsonb, 20),
(31, 'Grey', '#808080', '["https://images.unsplash.com/photo-1544816155-12df9643f363?w=800&auto=format&fit=crop&q=80","https://images.unsplash.com/photo-1590381105924-c72589b9ef3f?w=800&auto=format&fit=crop&q=80","https://images.unsplash.com/photo-1533090161767-e6ffed986c88?w=800&auto=format&fit=crop&q=80","https://images.unsplash.com/photo-1565793298595-6a879b1d9492?w=800&auto=format&fit=crop&q=80"]'::jsonb, 20);

INSERT INTO products (id, name, brand, category, description, material, dimensions, weight, warranty, buy_price, rent_price_week, rent_price_month, rating, review_count, stock_quantity, is_available, condition_type) VALUES 
(32, 'Imperial Marble-Top Table', 'DécorHome', 'Dining Table', 'Introduce modern luxury and functionality to your space with the Imperial Marble-Top Table by DécorHome. Crafted from high-quality Tempered Glass, it is designed for both exceptional durability and superior comfort. Perfect for living rooms, bedrooms, or modern offices looking for an elegant touch. The sleek structure blends seamlessly with diverse aesthetics, making it a stellar addition to any home.', 'Tempered Glass', '135 x 81 x 59 cm', '24 kg', '2 Year Warranty', 40000.00, 625.00, 2500.00, 4.7, 61, 50, TRUE, 'like_new');
INSERT INTO product_variants (product_id, colour_name, colour_hex, images, stock) VALUES 
(32, 'White', '#FFFFFF', '["https://images.unsplash.com/photo-1595515106969-1ce29566ff1c?w=800&auto=format&fit=crop&q=80","https://images.unsplash.com/photo-1604014237800-1c9102c219da?w=800&auto=format&fit=crop&q=80","https://images.unsplash.com/photo-1544816155-12df9643f363?w=800&auto=format&fit=crop&q=80","https://images.unsplash.com/photo-1590381105924-c72589b9ef3f?w=800&auto=format&fit=crop&q=80"]'::jsonb, 20),
(32, 'Black', '#000000', '["https://images.unsplash.com/photo-1604014237800-1c9102c219da?w=800&auto=format&fit=crop&q=80","https://images.unsplash.com/photo-1544816155-12df9643f363?w=800&auto=format&fit=crop&q=80","https://images.unsplash.com/photo-1590381105924-c72589b9ef3f?w=800&auto=format&fit=crop&q=80","https://images.unsplash.com/photo-1533090161767-e6ffed986c88?w=800&auto=format&fit=crop&q=80"]'::jsonb, 20),
(32, 'Grey', '#808080', '["https://images.unsplash.com/photo-1544816155-12df9643f363?w=800&auto=format&fit=crop&q=80","https://images.unsplash.com/photo-1590381105924-c72589b9ef3f?w=800&auto=format&fit=crop&q=80","https://images.unsplash.com/photo-1533090161767-e6ffed986c88?w=800&auto=format&fit=crop&q=80","https://images.unsplash.com/photo-1565793298595-6a879b1d9492?w=800&auto=format&fit=crop&q=80"]'::jsonb, 20),
(32, 'Brown', '#8B4513', '["https://images.unsplash.com/photo-1590381105924-c72589b9ef3f?w=800&auto=format&fit=crop&q=80","https://images.unsplash.com/photo-1533090161767-e6ffed986c88?w=800&auto=format&fit=crop&q=80","https://images.unsplash.com/photo-1565793298595-6a879b1d9492?w=800&auto=format&fit=crop&q=80","https://images.unsplash.com/photo-1581428982868-e410dd047a90?w=800&auto=format&fit=crop&q=80"]'::jsonb, 20);

INSERT INTO products (id, name, brand, category, description, material, dimensions, weight, warranty, buy_price, rent_price_week, rent_price_month, rating, review_count, stock_quantity, is_available, condition_type) VALUES 
(33, 'Ego Ergonomic Office Chair', 'WoodCraft', 'Chair', 'Introduce modern luxury and functionality to your space with the Ego Ergonomic Office Chair by WoodCraft. Crafted from high-quality Teak Wood, it is designed for both exceptional durability and superior comfort. Perfect for living rooms, bedrooms, or modern offices looking for an elegant touch. The sleek structure blends seamlessly with diverse aesthetics, making it a stellar addition to any home.', 'Teak Wood', '100 x 60 x 45 cm', '10 kg', '1 Year Warranty', 2000.00, 75.00, 300.00, 4.0, 5, 50, TRUE, 'new');
INSERT INTO product_variants (product_id, colour_name, colour_hex, images, stock) VALUES 
(33, 'Walnut', '#5C4033', '["https://images.unsplash.com/photo-1567538096630-e0c55bd6374c?w=800&auto=format&fit=crop&q=80","https://images.unsplash.com/photo-1592078615290-033ee584e267?w=800&auto=format&fit=crop&q=80","https://images.unsplash.com/photo-1506439773649-6e0eb8cfb237?w=800&auto=format&fit=crop&q=80","https://images.unsplash.com/photo-1580481072645-022f9a6dbf27?w=800&auto=format&fit=crop&q=80"]'::jsonb, 20),
(33, 'Oak', '#B8860B', '["https://images.unsplash.com/photo-1592078615290-033ee584e267?w=800&auto=format&fit=crop&q=80","https://images.unsplash.com/photo-1506439773649-6e0eb8cfb237?w=800&auto=format&fit=crop&q=80","https://images.unsplash.com/photo-1580481072645-022f9a6dbf27?w=800&auto=format&fit=crop&q=80","https://images.unsplash.com/photo-1501876725168-00c445821c9e?w=800&auto=format&fit=crop&q=80"]'::jsonb, 20),
(33, 'White', '#FFFFFF', '["https://images.unsplash.com/photo-1506439773649-6e0eb8cfb237?w=800&auto=format&fit=crop&q=80","https://images.unsplash.com/photo-1580481072645-022f9a6dbf27?w=800&auto=format&fit=crop&q=80","https://images.unsplash.com/photo-1501876725168-00c445821c9e?w=800&auto=format&fit=crop&q=80","https://images.unsplash.com/photo-1586158291800-2665f07bba79?w=800&auto=format&fit=crop&q=80"]'::jsonb, 20),
(33, 'Black', '#000000', '["https://images.unsplash.com/photo-1580481072645-022f9a6dbf27?w=800&auto=format&fit=crop&q=80","https://images.unsplash.com/photo-1501876725168-00c445821c9e?w=800&auto=format&fit=crop&q=80","https://images.unsplash.com/photo-1586158291800-2665f07bba79?w=800&auto=format&fit=crop&q=80","https://images.unsplash.com/photo-1503602642458-232111445657?w=800&auto=format&fit=crop&q=80"]'::jsonb, 20);

INSERT INTO products (id, name, brand, category, description, material, dimensions, weight, warranty, buy_price, rent_price_week, rent_price_month, rating, review_count, stock_quantity, is_available, condition_type) VALUES 
(34, 'Accent Wingback Armchair', 'HomeBazaar', 'Chair', 'Introduce modern luxury and functionality to your space with the Accent Wingback Armchair by HomeBazaar. Crafted from high-quality Sheesham Wood, it is designed for both exceptional durability and superior comfort. Perfect for living rooms, bedrooms, or modern offices looking for an elegant touch. The sleek structure blends seamlessly with diverse aesthetics, making it a stellar addition to any home.', 'Sheesham Wood', '105 x 63 x 47 cm', '12 kg', '2 Year Warranty', 4000.00, 100.00, 400.00, 4.1, 13, 50, TRUE, 'like_new');
INSERT INTO product_variants (product_id, colour_name, colour_hex, images, stock) VALUES 
(34, 'Oak', '#B8860B', '["https://images.unsplash.com/photo-1592078615290-033ee584e267?w=800&auto=format&fit=crop&q=80","https://images.unsplash.com/photo-1506439773649-6e0eb8cfb237?w=800&auto=format&fit=crop&q=80","https://images.unsplash.com/photo-1580481072645-022f9a6dbf27?w=800&auto=format&fit=crop&q=80","https://images.unsplash.com/photo-1501876725168-00c445821c9e?w=800&auto=format&fit=crop&q=80"]'::jsonb, 20),
(34, 'White', '#FFFFFF', '["https://images.unsplash.com/photo-1506439773649-6e0eb8cfb237?w=800&auto=format&fit=crop&q=80","https://images.unsplash.com/photo-1580481072645-022f9a6dbf27?w=800&auto=format&fit=crop&q=80","https://images.unsplash.com/photo-1501876725168-00c445821c9e?w=800&auto=format&fit=crop&q=80","https://images.unsplash.com/photo-1586158291800-2665f07bba79?w=800&auto=format&fit=crop&q=80"]'::jsonb, 20),
(34, 'Black', '#000000', '["https://images.unsplash.com/photo-1580481072645-022f9a6dbf27?w=800&auto=format&fit=crop&q=80","https://images.unsplash.com/photo-1501876725168-00c445821c9e?w=800&auto=format&fit=crop&q=80","https://images.unsplash.com/photo-1586158291800-2665f07bba79?w=800&auto=format&fit=crop&q=80","https://images.unsplash.com/photo-1503602642458-232111445657?w=800&auto=format&fit=crop&q=80"]'::jsonb, 20),
(34, 'Grey', '#808080', '["https://images.unsplash.com/photo-1501876725168-00c445821c9e?w=800&auto=format&fit=crop&q=80","https://images.unsplash.com/photo-1586158291800-2665f07bba79?w=800&auto=format&fit=crop&q=80","https://images.unsplash.com/photo-1503602642458-232111445657?w=800&auto=format&fit=crop&q=80","https://images.unsplash.com/photo-1505797149-43b0069ec26b?w=800&auto=format&fit=crop&q=80"]'::jsonb, 20);

INSERT INTO products (id, name, brand, category, description, material, dimensions, weight, warranty, buy_price, rent_price_week, rent_price_month, rating, review_count, stock_quantity, is_available, condition_type) VALUES 
(35, 'Iconic Wooden Rocking Chair', 'RoyalOak', 'Chair', 'Introduce modern luxury and functionality to your space with the Iconic Wooden Rocking Chair by RoyalOak. Crafted from high-quality Engineered Wood, it is designed for both exceptional durability and superior comfort. Perfect for living rooms, bedrooms, or modern offices looking for an elegant touch. The sleek structure blends seamlessly with diverse aesthetics, making it a stellar addition to any home.', 'Engineered Wood', '110 x 66 x 49 cm', '14 kg', '3 Year Warranty', 6000.00, 125.00, 500.00, 4.2, 21, 50, TRUE, 'refurbished');
INSERT INTO product_variants (product_id, colour_name, colour_hex, images, stock) VALUES 
(35, 'White', '#FFFFFF', '["https://images.unsplash.com/photo-1506439773649-6e0eb8cfb237?w=800&auto=format&fit=crop&q=80","https://images.unsplash.com/photo-1580481072645-022f9a6dbf27?w=800&auto=format&fit=crop&q=80","https://images.unsplash.com/photo-1501876725168-00c445821c9e?w=800&auto=format&fit=crop&q=80","https://images.unsplash.com/photo-1586158291800-2665f07bba79?w=800&auto=format&fit=crop&q=80"]'::jsonb, 20),
(35, 'Black', '#000000', '["https://images.unsplash.com/photo-1580481072645-022f9a6dbf27?w=800&auto=format&fit=crop&q=80","https://images.unsplash.com/photo-1501876725168-00c445821c9e?w=800&auto=format&fit=crop&q=80","https://images.unsplash.com/photo-1586158291800-2665f07bba79?w=800&auto=format&fit=crop&q=80","https://images.unsplash.com/photo-1503602642458-232111445657?w=800&auto=format&fit=crop&q=80"]'::jsonb, 20),
(35, 'Grey', '#808080', '["https://images.unsplash.com/photo-1501876725168-00c445821c9e?w=800&auto=format&fit=crop&q=80","https://images.unsplash.com/photo-1586158291800-2665f07bba79?w=800&auto=format&fit=crop&q=80","https://images.unsplash.com/photo-1503602642458-232111445657?w=800&auto=format&fit=crop&q=80","https://images.unsplash.com/photo-1505797149-43b0069ec26b?w=800&auto=format&fit=crop&q=80"]'::jsonb, 20),
(35, 'Brown', '#8B4513', '["https://images.unsplash.com/photo-1586158291800-2665f07bba79?w=800&auto=format&fit=crop&q=80","https://images.unsplash.com/photo-1503602642458-232111445657?w=800&auto=format&fit=crop&q=80","https://images.unsplash.com/photo-1505797149-43b0069ec26b?w=800&auto=format&fit=crop&q=80","https://images.unsplash.com/photo-1598300042247-d088f8ab3a91?w=800&auto=format&fit=crop&q=80"]'::jsonb, 20);

INSERT INTO products (id, name, brand, category, description, material, dimensions, weight, warranty, buy_price, rent_price_week, rent_price_month, rating, review_count, stock_quantity, is_available, condition_type) VALUES 
(36, 'Flex Task Swivel Chair', 'Nilkamal', 'Chair', 'Introduce modern luxury and functionality to your space with the Flex Task Swivel Chair by Nilkamal. Crafted from high-quality Premium Fabric, it is designed for both exceptional durability and superior comfort. Perfect for living rooms, bedrooms, or modern offices looking for an elegant touch. The sleek structure blends seamlessly with diverse aesthetics, making it a stellar addition to any home.', 'Premium Fabric', '115 x 69 x 51 cm', '16 kg', '1 Year Warranty', 8000.00, 150.00, 600.00, 4.3, 29, 50, TRUE, 'new');
INSERT INTO product_variants (product_id, colour_name, colour_hex, images, stock) VALUES 
(36, 'Black', '#000000', '["https://images.unsplash.com/photo-1580481072645-022f9a6dbf27?w=800&auto=format&fit=crop&q=80","https://images.unsplash.com/photo-1501876725168-00c445821c9e?w=800&auto=format&fit=crop&q=80","https://images.unsplash.com/photo-1586158291800-2665f07bba79?w=800&auto=format&fit=crop&q=80","https://images.unsplash.com/photo-1503602642458-232111445657?w=800&auto=format&fit=crop&q=80"]'::jsonb, 20),
(36, 'Grey', '#808080', '["https://images.unsplash.com/photo-1501876725168-00c445821c9e?w=800&auto=format&fit=crop&q=80","https://images.unsplash.com/photo-1586158291800-2665f07bba79?w=800&auto=format&fit=crop&q=80","https://images.unsplash.com/photo-1503602642458-232111445657?w=800&auto=format&fit=crop&q=80","https://images.unsplash.com/photo-1505797149-43b0069ec26b?w=800&auto=format&fit=crop&q=80"]'::jsonb, 20),
(36, 'Brown', '#8B4513', '["https://images.unsplash.com/photo-1586158291800-2665f07bba79?w=800&auto=format&fit=crop&q=80","https://images.unsplash.com/photo-1503602642458-232111445657?w=800&auto=format&fit=crop&q=80","https://images.unsplash.com/photo-1505797149-43b0069ec26b?w=800&auto=format&fit=crop&q=80","https://images.unsplash.com/photo-1598300042247-d088f8ab3a91?w=800&auto=format&fit=crop&q=80"]'::jsonb, 20),
(36, 'Beige', '#F5F5DC', '["https://images.unsplash.com/photo-1503602642458-232111445657?w=800&auto=format&fit=crop&q=80","https://images.unsplash.com/photo-1505797149-43b0069ec26b?w=800&auto=format&fit=crop&q=80","https://images.unsplash.com/photo-1598300042247-d088f8ab3a91?w=800&auto=format&fit=crop&q=80","https://images.unsplash.com/photo-1581428982868-e410dd047a90?w=800&auto=format&fit=crop&q=80"]'::jsonb, 20);

INSERT INTO products (id, name, brand, category, description, material, dimensions, weight, warranty, buy_price, rent_price_week, rent_price_month, rating, review_count, stock_quantity, is_available, condition_type) VALUES 
(37, 'Regal Dining Chair (Set of 2)', 'UrbanLadder', 'Chair', 'Introduce modern luxury and functionality to your space with the Regal Dining Chair (Set of 2) by UrbanLadder. Crafted from high-quality Leatherette, it is designed for both exceptional durability and superior comfort. Perfect for living rooms, bedrooms, or modern offices looking for an elegant touch. The sleek structure blends seamlessly with diverse aesthetics, making it a stellar addition to any home.', 'Leatherette', '120 x 72 x 53 cm', '18 kg', '2 Year Warranty', 10000.00, 175.00, 700.00, 4.4, 37, 50, TRUE, 'like_new');
INSERT INTO product_variants (product_id, colour_name, colour_hex, images, stock) VALUES 
(37, 'Grey', '#808080', '["https://images.unsplash.com/photo-1501876725168-00c445821c9e?w=800&auto=format&fit=crop&q=80","https://images.unsplash.com/photo-1586158291800-2665f07bba79?w=800&auto=format&fit=crop&q=80","https://images.unsplash.com/photo-1503602642458-232111445657?w=800&auto=format&fit=crop&q=80","https://images.unsplash.com/photo-1505797149-43b0069ec26b?w=800&auto=format&fit=crop&q=80"]'::jsonb, 20),
(37, 'Brown', '#8B4513', '["https://images.unsplash.com/photo-1586158291800-2665f07bba79?w=800&auto=format&fit=crop&q=80","https://images.unsplash.com/photo-1503602642458-232111445657?w=800&auto=format&fit=crop&q=80","https://images.unsplash.com/photo-1505797149-43b0069ec26b?w=800&auto=format&fit=crop&q=80","https://images.unsplash.com/photo-1598300042247-d088f8ab3a91?w=800&auto=format&fit=crop&q=80"]'::jsonb, 20),
(37, 'Beige', '#F5F5DC', '["https://images.unsplash.com/photo-1503602642458-232111445657?w=800&auto=format&fit=crop&q=80","https://images.unsplash.com/photo-1505797149-43b0069ec26b?w=800&auto=format&fit=crop&q=80","https://images.unsplash.com/photo-1598300042247-d088f8ab3a91?w=800&auto=format&fit=crop&q=80","https://images.unsplash.com/photo-1581428982868-e410dd047a90?w=800&auto=format&fit=crop&q=80"]'::jsonb, 20),
(37, 'Navy', '#000080', '["https://images.unsplash.com/photo-1505797149-43b0069ec26b?w=800&auto=format&fit=crop&q=80","https://images.unsplash.com/photo-1598300042247-d088f8ab3a91?w=800&auto=format&fit=crop&q=80","https://images.unsplash.com/photo-1581428982868-e410dd047a90?w=800&auto=format&fit=crop&q=80","https://images.unsplash.com/photo-1592078615290-033ee584e267?w=800&auto=format&fit=crop&q=80"]'::jsonb, 20);

INSERT INTO products (id, name, brand, category, description, material, dimensions, weight, warranty, buy_price, rent_price_week, rent_price_month, rating, review_count, stock_quantity, is_available, condition_type) VALUES 
(38, 'Alpine Lounge Recliner', 'Durian', 'Chair', 'Introduce modern luxury and functionality to your space with the Alpine Lounge Recliner by Durian. Crafted from high-quality Metal & Alloy, it is designed for both exceptional durability and superior comfort. Perfect for living rooms, bedrooms, or modern offices looking for an elegant touch. The sleek structure blends seamlessly with diverse aesthetics, making it a stellar addition to any home.', 'Metal & Alloy', '125 x 75 x 55 cm', '20 kg', '3 Year Warranty', 12000.00, 200.00, 800.00, 4.5, 45, 50, TRUE, 'refurbished');
INSERT INTO product_variants (product_id, colour_name, colour_hex, images, stock) VALUES 
(38, 'Walnut', '#5C4033', '["https://images.unsplash.com/photo-1586158291800-2665f07bba79?w=800&auto=format&fit=crop&q=80","https://images.unsplash.com/photo-1503602642458-232111445657?w=800&auto=format&fit=crop&q=80","https://images.unsplash.com/photo-1505797149-43b0069ec26b?w=800&auto=format&fit=crop&q=80","https://images.unsplash.com/photo-1598300042247-d088f8ab3a91?w=800&auto=format&fit=crop&q=80"]'::jsonb, 20),
(38, 'Oak', '#B8860B', '["https://images.unsplash.com/photo-1503602642458-232111445657?w=800&auto=format&fit=crop&q=80","https://images.unsplash.com/photo-1505797149-43b0069ec26b?w=800&auto=format&fit=crop&q=80","https://images.unsplash.com/photo-1598300042247-d088f8ab3a91?w=800&auto=format&fit=crop&q=80","https://images.unsplash.com/photo-1581428982868-e410dd047a90?w=800&auto=format&fit=crop&q=80"]'::jsonb, 20),
(38, 'White', '#FFFFFF', '["https://images.unsplash.com/photo-1505797149-43b0069ec26b?w=800&auto=format&fit=crop&q=80","https://images.unsplash.com/photo-1598300042247-d088f8ab3a91?w=800&auto=format&fit=crop&q=80","https://images.unsplash.com/photo-1581428982868-e410dd047a90?w=800&auto=format&fit=crop&q=80","https://images.unsplash.com/photo-1592078615290-033ee584e267?w=800&auto=format&fit=crop&q=80"]'::jsonb, 20),
(38, 'Black', '#000000', '["https://images.unsplash.com/photo-1598300042247-d088f8ab3a91?w=800&auto=format&fit=crop&q=80","https://images.unsplash.com/photo-1581428982868-e410dd047a90?w=800&auto=format&fit=crop&q=80","https://images.unsplash.com/photo-1592078615290-033ee584e267?w=800&auto=format&fit=crop&q=80","https://images.unsplash.com/photo-1567538096630-e0c55bd6374c?w=800&auto=format&fit=crop&q=80"]'::jsonb, 20);

INSERT INTO products (id, name, brand, category, description, material, dimensions, weight, warranty, buy_price, rent_price_week, rent_price_month, rating, review_count, stock_quantity, is_available, condition_type) VALUES 
(39, 'Bistro Metallic Bar Stool', 'FurnitureMart', 'Chair', 'Introduce modern luxury and functionality to your space with the Bistro Metallic Bar Stool by FurnitureMart. Crafted from high-quality MDF, it is designed for both exceptional durability and superior comfort. Perfect for living rooms, bedrooms, or modern offices looking for an elegant touch. The sleek structure blends seamlessly with diverse aesthetics, making it a stellar addition to any home.', 'MDF', '130 x 78 x 57 cm', '22 kg', '1 Year Warranty', 14000.00, 225.00, 900.00, 4.6, 53, 50, TRUE, 'new');
INSERT INTO product_variants (product_id, colour_name, colour_hex, images, stock) VALUES 
(39, 'Oak', '#B8860B', '["https://images.unsplash.com/photo-1503602642458-232111445657?w=800&auto=format&fit=crop&q=80","https://images.unsplash.com/photo-1505797149-43b0069ec26b?w=800&auto=format&fit=crop&q=80","https://images.unsplash.com/photo-1598300042247-d088f8ab3a91?w=800&auto=format&fit=crop&q=80","https://images.unsplash.com/photo-1581428982868-e410dd047a90?w=800&auto=format&fit=crop&q=80"]'::jsonb, 20),
(39, 'White', '#FFFFFF', '["https://images.unsplash.com/photo-1505797149-43b0069ec26b?w=800&auto=format&fit=crop&q=80","https://images.unsplash.com/photo-1598300042247-d088f8ab3a91?w=800&auto=format&fit=crop&q=80","https://images.unsplash.com/photo-1581428982868-e410dd047a90?w=800&auto=format&fit=crop&q=80","https://images.unsplash.com/photo-1592078615290-033ee584e267?w=800&auto=format&fit=crop&q=80"]'::jsonb, 20),
(39, 'Black', '#000000', '["https://images.unsplash.com/photo-1598300042247-d088f8ab3a91?w=800&auto=format&fit=crop&q=80","https://images.unsplash.com/photo-1581428982868-e410dd047a90?w=800&auto=format&fit=crop&q=80","https://images.unsplash.com/photo-1592078615290-033ee584e267?w=800&auto=format&fit=crop&q=80","https://images.unsplash.com/photo-1567538096630-e0c55bd6374c?w=800&auto=format&fit=crop&q=80"]'::jsonb, 20),
(39, 'Grey', '#808080', '["https://images.unsplash.com/photo-1581428982868-e410dd047a90?w=800&auto=format&fit=crop&q=80","https://images.unsplash.com/photo-1592078615290-033ee584e267?w=800&auto=format&fit=crop&q=80","https://images.unsplash.com/photo-1567538096630-e0c55bd6374c?w=800&auto=format&fit=crop&q=80","https://images.unsplash.com/photo-1592078615290-033ee584e267?w=800&auto=format&fit=crop&q=80"]'::jsonb, 20);

INSERT INTO products (id, name, brand, category, description, material, dimensions, weight, warranty, buy_price, rent_price_week, rent_price_month, rating, review_count, stock_quantity, is_available, condition_type) VALUES 
(40, 'Danish Retro Study Chair', 'DécorHome', 'Chair', 'Introduce modern luxury and functionality to your space with the Danish Retro Study Chair by DécorHome. Crafted from high-quality Tempered Glass, it is designed for both exceptional durability and superior comfort. Perfect for living rooms, bedrooms, or modern offices looking for an elegant touch. The sleek structure blends seamlessly with diverse aesthetics, making it a stellar addition to any home.', 'Tempered Glass', '135 x 81 x 59 cm', '24 kg', '2 Year Warranty', 16000.00, 250.00, 1000.00, 4.7, 61, 50, TRUE, 'like_new');
INSERT INTO product_variants (product_id, colour_name, colour_hex, images, stock) VALUES 
(40, 'White', '#FFFFFF', '["https://images.unsplash.com/photo-1505797149-43b0069ec26b?w=800&auto=format&fit=crop&q=80","https://images.unsplash.com/photo-1598300042247-d088f8ab3a91?w=800&auto=format&fit=crop&q=80","https://images.unsplash.com/photo-1581428982868-e410dd047a90?w=800&auto=format&fit=crop&q=80","https://images.unsplash.com/photo-1592078615290-033ee584e267?w=800&auto=format&fit=crop&q=80"]'::jsonb, 20),
(40, 'Black', '#000000', '["https://images.unsplash.com/photo-1598300042247-d088f8ab3a91?w=800&auto=format&fit=crop&q=80","https://images.unsplash.com/photo-1581428982868-e410dd047a90?w=800&auto=format&fit=crop&q=80","https://images.unsplash.com/photo-1592078615290-033ee584e267?w=800&auto=format&fit=crop&q=80","https://images.unsplash.com/photo-1567538096630-e0c55bd6374c?w=800&auto=format&fit=crop&q=80"]'::jsonb, 20),
(40, 'Grey', '#808080', '["https://images.unsplash.com/photo-1581428982868-e410dd047a90?w=800&auto=format&fit=crop&q=80","https://images.unsplash.com/photo-1592078615290-033ee584e267?w=800&auto=format&fit=crop&q=80","https://images.unsplash.com/photo-1567538096630-e0c55bd6374c?w=800&auto=format&fit=crop&q=80","https://images.unsplash.com/photo-1592078615290-033ee584e267?w=800&auto=format&fit=crop&q=80"]'::jsonb, 20),
(40, 'Brown', '#8B4513', '["https://images.unsplash.com/photo-1592078615290-033ee584e267?w=800&auto=format&fit=crop&q=80","https://images.unsplash.com/photo-1567538096630-e0c55bd6374c?w=800&auto=format&fit=crop&q=80","https://images.unsplash.com/photo-1592078615290-033ee584e267?w=800&auto=format&fit=crop&q=80","https://images.unsplash.com/photo-1506439773649-6e0eb8cfb237?w=800&auto=format&fit=crop&q=80"]'::jsonb, 20);

INSERT INTO products (id, name, brand, category, description, material, dimensions, weight, warranty, buy_price, rent_price_week, rent_price_month, rating, review_count, stock_quantity, is_available, condition_type) VALUES 
(41, 'Cushioned Easy Armchair', 'WoodCraft', 'Chair', 'Introduce modern luxury and functionality to your space with the Cushioned Easy Armchair by WoodCraft. Crafted from high-quality Teak Wood, it is designed for both exceptional durability and superior comfort. Perfect for living rooms, bedrooms, or modern offices looking for an elegant touch. The sleek structure blends seamlessly with diverse aesthetics, making it a stellar addition to any home.', 'Teak Wood', '140 x 84 x 61 cm', '26 kg', '3 Year Warranty', 18000.00, 275.00, 1100.00, 4.8, 69, 50, TRUE, 'refurbished');
INSERT INTO product_variants (product_id, colour_name, colour_hex, images, stock) VALUES 
(41, 'Black', '#000000', '["https://images.unsplash.com/photo-1598300042247-d088f8ab3a91?w=800&auto=format&fit=crop&q=80","https://images.unsplash.com/photo-1581428982868-e410dd047a90?w=800&auto=format&fit=crop&q=80","https://images.unsplash.com/photo-1592078615290-033ee584e267?w=800&auto=format&fit=crop&q=80","https://images.unsplash.com/photo-1567538096630-e0c55bd6374c?w=800&auto=format&fit=crop&q=80"]'::jsonb, 20),
(41, 'Grey', '#808080', '["https://images.unsplash.com/photo-1581428982868-e410dd047a90?w=800&auto=format&fit=crop&q=80","https://images.unsplash.com/photo-1592078615290-033ee584e267?w=800&auto=format&fit=crop&q=80","https://images.unsplash.com/photo-1567538096630-e0c55bd6374c?w=800&auto=format&fit=crop&q=80","https://images.unsplash.com/photo-1592078615290-033ee584e267?w=800&auto=format&fit=crop&q=80"]'::jsonb, 20),
(41, 'Brown', '#8B4513', '["https://images.unsplash.com/photo-1592078615290-033ee584e267?w=800&auto=format&fit=crop&q=80","https://images.unsplash.com/photo-1567538096630-e0c55bd6374c?w=800&auto=format&fit=crop&q=80","https://images.unsplash.com/photo-1592078615290-033ee584e267?w=800&auto=format&fit=crop&q=80","https://images.unsplash.com/photo-1506439773649-6e0eb8cfb237?w=800&auto=format&fit=crop&q=80"]'::jsonb, 20),
(41, 'Beige', '#F5F5DC', '["https://images.unsplash.com/photo-1567538096630-e0c55bd6374c?w=800&auto=format&fit=crop&q=80","https://images.unsplash.com/photo-1592078615290-033ee584e267?w=800&auto=format&fit=crop&q=80","https://images.unsplash.com/photo-1506439773649-6e0eb8cfb237?w=800&auto=format&fit=crop&q=80","https://images.unsplash.com/photo-1580481072645-022f9a6dbf27?w=800&auto=format&fit=crop&q=80"]'::jsonb, 20);

INSERT INTO products (id, name, brand, category, description, material, dimensions, weight, warranty, buy_price, rent_price_week, rent_price_month, rating, review_count, stock_quantity, is_available, condition_type) VALUES 
(42, 'Urban Plastic Stackable Chair', 'HomeBazaar', 'Chair', 'Introduce modern luxury and functionality to your space with the Urban Plastic Stackable Chair by HomeBazaar. Crafted from high-quality Sheesham Wood, it is designed for both exceptional durability and superior comfort. Perfect for living rooms, bedrooms, or modern offices looking for an elegant touch. The sleek structure blends seamlessly with diverse aesthetics, making it a stellar addition to any home.', 'Sheesham Wood', '145 x 87 x 63 cm', '28 kg', '1 Year Warranty', 20000.00, 300.00, 1200.00, 4.9, 77, 50, TRUE, 'new');
INSERT INTO product_variants (product_id, colour_name, colour_hex, images, stock) VALUES 
(42, 'Grey', '#808080', '["https://images.unsplash.com/photo-1581428982868-e410dd047a90?w=800&auto=format&fit=crop&q=80","https://images.unsplash.com/photo-1592078615290-033ee584e267?w=800&auto=format&fit=crop&q=80","https://images.unsplash.com/photo-1567538096630-e0c55bd6374c?w=800&auto=format&fit=crop&q=80","https://images.unsplash.com/photo-1592078615290-033ee584e267?w=800&auto=format&fit=crop&q=80"]'::jsonb, 20),
(42, 'Brown', '#8B4513', '["https://images.unsplash.com/photo-1592078615290-033ee584e267?w=800&auto=format&fit=crop&q=80","https://images.unsplash.com/photo-1567538096630-e0c55bd6374c?w=800&auto=format&fit=crop&q=80","https://images.unsplash.com/photo-1592078615290-033ee584e267?w=800&auto=format&fit=crop&q=80","https://images.unsplash.com/photo-1506439773649-6e0eb8cfb237?w=800&auto=format&fit=crop&q=80"]'::jsonb, 20),
(42, 'Beige', '#F5F5DC', '["https://images.unsplash.com/photo-1567538096630-e0c55bd6374c?w=800&auto=format&fit=crop&q=80","https://images.unsplash.com/photo-1592078615290-033ee584e267?w=800&auto=format&fit=crop&q=80","https://images.unsplash.com/photo-1506439773649-6e0eb8cfb237?w=800&auto=format&fit=crop&q=80","https://images.unsplash.com/photo-1580481072645-022f9a6dbf27?w=800&auto=format&fit=crop&q=80"]'::jsonb, 20),
(42, 'Navy', '#000080', '["https://images.unsplash.com/photo-1592078615290-033ee584e267?w=800&auto=format&fit=crop&q=80","https://images.unsplash.com/photo-1506439773649-6e0eb8cfb237?w=800&auto=format&fit=crop&q=80","https://images.unsplash.com/photo-1580481072645-022f9a6dbf27?w=800&auto=format&fit=crop&q=80","https://images.unsplash.com/photo-1501876725168-00c445821c9e?w=800&auto=format&fit=crop&q=80"]'::jsonb, 20);

INSERT INTO products (id, name, brand, category, description, material, dimensions, weight, warranty, buy_price, rent_price_week, rent_price_month, rating, review_count, stock_quantity, is_available, condition_type) VALUES 
(43, 'Klassic 3-Door Wardrobe', 'WoodCraft', 'Wardrobe', 'Introduce modern luxury and functionality to your space with the Klassic 3-Door Wardrobe by WoodCraft. Crafted from high-quality Teak Wood, it is designed for both exceptional durability and superior comfort. Perfect for living rooms, bedrooms, or modern offices looking for an elegant touch. The sleek structure blends seamlessly with diverse aesthetics, making it a stellar addition to any home.', 'Teak Wood', '100 x 60 x 45 cm', '10 kg', '1 Year Warranty', 8000.00, 175.00, 700.00, 4.0, 5, 50, TRUE, 'new');
INSERT INTO product_variants (product_id, colour_name, colour_hex, images, stock) VALUES 
(43, 'Walnut', '#5C4033', '["https://images.unsplash.com/photo-1600566753190-17f0baa2a6c3?w=800&auto=format&fit=crop&q=80","https://images.unsplash.com/photo-1600585154526-990dced4db0d?w=800&auto=format&fit=crop&q=80","https://images.unsplash.com/photo-1502672260266-1c1ef2d93688?w=800&auto=format&fit=crop&q=80","https://images.unsplash.com/photo-1600210492486-724fe5c67fb0?w=800&auto=format&fit=crop&q=80"]'::jsonb, 20),
(43, 'Oak', '#B8860B', '["https://images.unsplash.com/photo-1600585154526-990dced4db0d?w=800&auto=format&fit=crop&q=80","https://images.unsplash.com/photo-1502672260266-1c1ef2d93688?w=800&auto=format&fit=crop&q=80","https://images.unsplash.com/photo-1600210492486-724fe5c67fb0?w=800&auto=format&fit=crop&q=80","https://images.unsplash.com/photo-1616594039964-ae9021a400a0?w=800&auto=format&fit=crop&q=80"]'::jsonb, 20),
(43, 'White', '#FFFFFF', '["https://images.unsplash.com/photo-1502672260266-1c1ef2d93688?w=800&auto=format&fit=crop&q=80","https://images.unsplash.com/photo-1600210492486-724fe5c67fb0?w=800&auto=format&fit=crop&q=80","https://images.unsplash.com/photo-1616594039964-ae9021a400a0?w=800&auto=format&fit=crop&q=80","https://images.unsplash.com/photo-1602810318383-e386cc2a3ccf?w=800&auto=format&fit=crop&q=80"]'::jsonb, 20),
(43, 'Black', '#000000', '["https://images.unsplash.com/photo-1600210492486-724fe5c67fb0?w=800&auto=format&fit=crop&q=80","https://images.unsplash.com/photo-1616594039964-ae9021a400a0?w=800&auto=format&fit=crop&q=80","https://images.unsplash.com/photo-1602810318383-e386cc2a3ccf?w=800&auto=format&fit=crop&q=80","https://images.unsplash.com/photo-1595428774223-ef52624120d2?w=800&auto=format&fit=crop&q=80"]'::jsonb, 20);

INSERT INTO products (id, name, brand, category, description, material, dimensions, weight, warranty, buy_price, rent_price_week, rent_price_month, rating, review_count, stock_quantity, is_available, condition_type) VALUES 
(44, 'Slider Contemporary Wardrobe', 'HomeBazaar', 'Wardrobe', 'Introduce modern luxury and functionality to your space with the Slider Contemporary Wardrobe by HomeBazaar. Crafted from high-quality Sheesham Wood, it is designed for both exceptional durability and superior comfort. Perfect for living rooms, bedrooms, or modern offices looking for an elegant touch. The sleek structure blends seamlessly with diverse aesthetics, making it a stellar addition to any home.', 'Sheesham Wood', '105 x 63 x 47 cm', '12 kg', '2 Year Warranty', 14714.00, 257.00, 1029.00, 4.1, 13, 50, TRUE, 'like_new');
INSERT INTO product_variants (product_id, colour_name, colour_hex, images, stock) VALUES 
(44, 'Oak', '#B8860B', '["https://images.unsplash.com/photo-1600585154526-990dced4db0d?w=800&auto=format&fit=crop&q=80","https://images.unsplash.com/photo-1502672260266-1c1ef2d93688?w=800&auto=format&fit=crop&q=80","https://images.unsplash.com/photo-1600210492486-724fe5c67fb0?w=800&auto=format&fit=crop&q=80","https://images.unsplash.com/photo-1616594039964-ae9021a400a0?w=800&auto=format&fit=crop&q=80"]'::jsonb, 20),
(44, 'White', '#FFFFFF', '["https://images.unsplash.com/photo-1502672260266-1c1ef2d93688?w=800&auto=format&fit=crop&q=80","https://images.unsplash.com/photo-1600210492486-724fe5c67fb0?w=800&auto=format&fit=crop&q=80","https://images.unsplash.com/photo-1616594039964-ae9021a400a0?w=800&auto=format&fit=crop&q=80","https://images.unsplash.com/photo-1602810318383-e386cc2a3ccf?w=800&auto=format&fit=crop&q=80"]'::jsonb, 20),
(44, 'Black', '#000000', '["https://images.unsplash.com/photo-1600210492486-724fe5c67fb0?w=800&auto=format&fit=crop&q=80","https://images.unsplash.com/photo-1616594039964-ae9021a400a0?w=800&auto=format&fit=crop&q=80","https://images.unsplash.com/photo-1602810318383-e386cc2a3ccf?w=800&auto=format&fit=crop&q=80","https://images.unsplash.com/photo-1595428774223-ef52624120d2?w=800&auto=format&fit=crop&q=80"]'::jsonb, 20),
(44, 'Grey', '#808080', '["https://images.unsplash.com/photo-1616594039964-ae9021a400a0?w=800&auto=format&fit=crop&q=80","https://images.unsplash.com/photo-1602810318383-e386cc2a3ccf?w=800&auto=format&fit=crop&q=80","https://images.unsplash.com/photo-1595428774223-ef52624120d2?w=800&auto=format&fit=crop&q=80","https://images.unsplash.com/photo-1616486338812-3dadae4b4ace?w=800&auto=format&fit=crop&q=80"]'::jsonb, 20);

INSERT INTO products (id, name, brand, category, description, material, dimensions, weight, warranty, buy_price, rent_price_week, rent_price_month, rating, review_count, stock_quantity, is_available, condition_type) VALUES 
(45, 'Linear Minimalist Almirah', 'RoyalOak', 'Wardrobe', 'Introduce modern luxury and functionality to your space with the Linear Minimalist Almirah by RoyalOak. Crafted from high-quality Engineered Wood, it is designed for both exceptional durability and superior comfort. Perfect for living rooms, bedrooms, or modern offices looking for an elegant touch. The sleek structure blends seamlessly with diverse aesthetics, making it a stellar addition to any home.', 'Engineered Wood', '110 x 66 x 49 cm', '14 kg', '3 Year Warranty', 21429.00, 339.00, 1357.00, 4.2, 21, 50, TRUE, 'refurbished');
INSERT INTO product_variants (product_id, colour_name, colour_hex, images, stock) VALUES 
(45, 'White', '#FFFFFF', '["https://images.unsplash.com/photo-1502672260266-1c1ef2d93688?w=800&auto=format&fit=crop&q=80","https://images.unsplash.com/photo-1600210492486-724fe5c67fb0?w=800&auto=format&fit=crop&q=80","https://images.unsplash.com/photo-1616594039964-ae9021a400a0?w=800&auto=format&fit=crop&q=80","https://images.unsplash.com/photo-1602810318383-e386cc2a3ccf?w=800&auto=format&fit=crop&q=80"]'::jsonb, 20),
(45, 'Black', '#000000', '["https://images.unsplash.com/photo-1600210492486-724fe5c67fb0?w=800&auto=format&fit=crop&q=80","https://images.unsplash.com/photo-1616594039964-ae9021a400a0?w=800&auto=format&fit=crop&q=80","https://images.unsplash.com/photo-1602810318383-e386cc2a3ccf?w=800&auto=format&fit=crop&q=80","https://images.unsplash.com/photo-1595428774223-ef52624120d2?w=800&auto=format&fit=crop&q=80"]'::jsonb, 20),
(45, 'Grey', '#808080', '["https://images.unsplash.com/photo-1616594039964-ae9021a400a0?w=800&auto=format&fit=crop&q=80","https://images.unsplash.com/photo-1602810318383-e386cc2a3ccf?w=800&auto=format&fit=crop&q=80","https://images.unsplash.com/photo-1595428774223-ef52624120d2?w=800&auto=format&fit=crop&q=80","https://images.unsplash.com/photo-1616486338812-3dadae4b4ace?w=800&auto=format&fit=crop&q=80"]'::jsonb, 20),
(45, 'Brown', '#8B4513', '["https://images.unsplash.com/photo-1602810318383-e386cc2a3ccf?w=800&auto=format&fit=crop&q=80","https://images.unsplash.com/photo-1595428774223-ef52624120d2?w=800&auto=format&fit=crop&q=80","https://images.unsplash.com/photo-1616486338812-3dadae4b4ace?w=800&auto=format&fit=crop&q=80","https://images.unsplash.com/photo-1600566753190-17f0baa2a6c3?w=800&auto=format&fit=crop&q=80"]'::jsonb, 20);

INSERT INTO products (id, name, brand, category, description, material, dimensions, weight, warranty, buy_price, rent_price_week, rent_price_month, rating, review_count, stock_quantity, is_available, condition_type) VALUES 
(46, 'Estate Walk-in Closet Organizer', 'Nilkamal', 'Wardrobe', 'Introduce modern luxury and functionality to your space with the Estate Walk-in Closet Organizer by Nilkamal. Crafted from high-quality Premium Fabric, it is designed for both exceptional durability and superior comfort. Perfect for living rooms, bedrooms, or modern offices looking for an elegant touch. The sleek structure blends seamlessly with diverse aesthetics, making it a stellar addition to any home.', 'Premium Fabric', '115 x 69 x 51 cm', '16 kg', '1 Year Warranty', 28143.00, 422.00, 1686.00, 4.3, 29, 50, TRUE, 'new');
INSERT INTO product_variants (product_id, colour_name, colour_hex, images, stock) VALUES 
(46, 'Black', '#000000', '["https://images.unsplash.com/photo-1600210492486-724fe5c67fb0?w=800&auto=format&fit=crop&q=80","https://images.unsplash.com/photo-1616594039964-ae9021a400a0?w=800&auto=format&fit=crop&q=80","https://images.unsplash.com/photo-1602810318383-e386cc2a3ccf?w=800&auto=format&fit=crop&q=80","https://images.unsplash.com/photo-1595428774223-ef52624120d2?w=800&auto=format&fit=crop&q=80"]'::jsonb, 20),
(46, 'Grey', '#808080', '["https://images.unsplash.com/photo-1616594039964-ae9021a400a0?w=800&auto=format&fit=crop&q=80","https://images.unsplash.com/photo-1602810318383-e386cc2a3ccf?w=800&auto=format&fit=crop&q=80","https://images.unsplash.com/photo-1595428774223-ef52624120d2?w=800&auto=format&fit=crop&q=80","https://images.unsplash.com/photo-1616486338812-3dadae4b4ace?w=800&auto=format&fit=crop&q=80"]'::jsonb, 20),
(46, 'Brown', '#8B4513', '["https://images.unsplash.com/photo-1602810318383-e386cc2a3ccf?w=800&auto=format&fit=crop&q=80","https://images.unsplash.com/photo-1595428774223-ef52624120d2?w=800&auto=format&fit=crop&q=80","https://images.unsplash.com/photo-1616486338812-3dadae4b4ace?w=800&auto=format&fit=crop&q=80","https://images.unsplash.com/photo-1600566753190-17f0baa2a6c3?w=800&auto=format&fit=crop&q=80"]'::jsonb, 20),
(46, 'Beige', '#F5F5DC', '["https://images.unsplash.com/photo-1595428774223-ef52624120d2?w=800&auto=format&fit=crop&q=80","https://images.unsplash.com/photo-1616486338812-3dadae4b4ace?w=800&auto=format&fit=crop&q=80","https://images.unsplash.com/photo-1600566753190-17f0baa2a6c3?w=800&auto=format&fit=crop&q=80","https://images.unsplash.com/photo-1600585154526-990dced4db0d?w=800&auto=format&fit=crop&q=80"]'::jsonb, 20);

INSERT INTO products (id, name, brand, category, description, material, dimensions, weight, warranty, buy_price, rent_price_week, rent_price_month, rating, review_count, stock_quantity, is_available, condition_type) VALUES 
(47, 'Nordic 2-Door Wardrobe', 'UrbanLadder', 'Wardrobe', 'Introduce modern luxury and functionality to your space with the Nordic 2-Door Wardrobe by UrbanLadder. Crafted from high-quality Leatherette, it is designed for both exceptional durability and superior comfort. Perfect for living rooms, bedrooms, or modern offices looking for an elegant touch. The sleek structure blends seamlessly with diverse aesthetics, making it a stellar addition to any home.', 'Leatherette', '120 x 72 x 53 cm', '18 kg', '2 Year Warranty', 34857.00, 504.00, 2014.00, 4.4, 37, 50, TRUE, 'like_new');
INSERT INTO product_variants (product_id, colour_name, colour_hex, images, stock) VALUES 
(47, 'Grey', '#808080', '["https://images.unsplash.com/photo-1616594039964-ae9021a400a0?w=800&auto=format&fit=crop&q=80","https://images.unsplash.com/photo-1602810318383-e386cc2a3ccf?w=800&auto=format&fit=crop&q=80","https://images.unsplash.com/photo-1595428774223-ef52624120d2?w=800&auto=format&fit=crop&q=80","https://images.unsplash.com/photo-1616486338812-3dadae4b4ace?w=800&auto=format&fit=crop&q=80"]'::jsonb, 20),
(47, 'Brown', '#8B4513', '["https://images.unsplash.com/photo-1602810318383-e386cc2a3ccf?w=800&auto=format&fit=crop&q=80","https://images.unsplash.com/photo-1595428774223-ef52624120d2?w=800&auto=format&fit=crop&q=80","https://images.unsplash.com/photo-1616486338812-3dadae4b4ace?w=800&auto=format&fit=crop&q=80","https://images.unsplash.com/photo-1600566753190-17f0baa2a6c3?w=800&auto=format&fit=crop&q=80"]'::jsonb, 20),
(47, 'Beige', '#F5F5DC', '["https://images.unsplash.com/photo-1595428774223-ef52624120d2?w=800&auto=format&fit=crop&q=80","https://images.unsplash.com/photo-1616486338812-3dadae4b4ace?w=800&auto=format&fit=crop&q=80","https://images.unsplash.com/photo-1600566753190-17f0baa2a6c3?w=800&auto=format&fit=crop&q=80","https://images.unsplash.com/photo-1600585154526-990dced4db0d?w=800&auto=format&fit=crop&q=80"]'::jsonb, 20),
(47, 'Navy', '#000080', '["https://images.unsplash.com/photo-1616486338812-3dadae4b4ace?w=800&auto=format&fit=crop&q=80","https://images.unsplash.com/photo-1600566753190-17f0baa2a6c3?w=800&auto=format&fit=crop&q=80","https://images.unsplash.com/photo-1600585154526-990dced4db0d?w=800&auto=format&fit=crop&q=80","https://images.unsplash.com/photo-1502672260266-1c1ef2d93688?w=800&auto=format&fit=crop&q=80"]'::jsonb, 20);

INSERT INTO products (id, name, brand, category, description, material, dimensions, weight, warranty, buy_price, rent_price_week, rent_price_month, rating, review_count, stock_quantity, is_available, condition_type) VALUES 
(48, 'Monarch Mirror Wooden Closet', 'Durian', 'Wardrobe', 'Introduce modern luxury and functionality to your space with the Monarch Mirror Wooden Closet by Durian. Crafted from high-quality Metal & Alloy, it is designed for both exceptional durability and superior comfort. Perfect for living rooms, bedrooms, or modern offices looking for an elegant touch. The sleek structure blends seamlessly with diverse aesthetics, making it a stellar addition to any home.', 'Metal & Alloy', '125 x 75 x 55 cm', '20 kg', '3 Year Warranty', 41571.00, 586.00, 2343.00, 4.5, 45, 50, TRUE, 'refurbished');
INSERT INTO product_variants (product_id, colour_name, colour_hex, images, stock) VALUES 
(48, 'Walnut', '#5C4033', '["https://images.unsplash.com/photo-1602810318383-e386cc2a3ccf?w=800&auto=format&fit=crop&q=80","https://images.unsplash.com/photo-1595428774223-ef52624120d2?w=800&auto=format&fit=crop&q=80","https://images.unsplash.com/photo-1616486338812-3dadae4b4ace?w=800&auto=format&fit=crop&q=80","https://images.unsplash.com/photo-1600566753190-17f0baa2a6c3?w=800&auto=format&fit=crop&q=80"]'::jsonb, 20),
(48, 'Oak', '#B8860B', '["https://images.unsplash.com/photo-1595428774223-ef52624120d2?w=800&auto=format&fit=crop&q=80","https://images.unsplash.com/photo-1616486338812-3dadae4b4ace?w=800&auto=format&fit=crop&q=80","https://images.unsplash.com/photo-1600566753190-17f0baa2a6c3?w=800&auto=format&fit=crop&q=80","https://images.unsplash.com/photo-1600585154526-990dced4db0d?w=800&auto=format&fit=crop&q=80"]'::jsonb, 20),
(48, 'White', '#FFFFFF', '["https://images.unsplash.com/photo-1616486338812-3dadae4b4ace?w=800&auto=format&fit=crop&q=80","https://images.unsplash.com/photo-1600566753190-17f0baa2a6c3?w=800&auto=format&fit=crop&q=80","https://images.unsplash.com/photo-1600585154526-990dced4db0d?w=800&auto=format&fit=crop&q=80","https://images.unsplash.com/photo-1502672260266-1c1ef2d93688?w=800&auto=format&fit=crop&q=80"]'::jsonb, 20),
(48, 'Black', '#000000', '["https://images.unsplash.com/photo-1600566753190-17f0baa2a6c3?w=800&auto=format&fit=crop&q=80","https://images.unsplash.com/photo-1600585154526-990dced4db0d?w=800&auto=format&fit=crop&q=80","https://images.unsplash.com/photo-1502672260266-1c1ef2d93688?w=800&auto=format&fit=crop&q=80","https://images.unsplash.com/photo-1600210492486-724fe5c67fb0?w=800&auto=format&fit=crop&q=80"]'::jsonb, 20);

INSERT INTO products (id, name, brand, category, description, material, dimensions, weight, warranty, buy_price, rent_price_week, rent_price_month, rating, review_count, stock_quantity, is_available, condition_type) VALUES 
(49, 'Nova Compact Armoire', 'FurnitureMart', 'Wardrobe', 'Introduce modern luxury and functionality to your space with the Nova Compact Armoire by FurnitureMart. Crafted from high-quality MDF, it is designed for both exceptional durability and superior comfort. Perfect for living rooms, bedrooms, or modern offices looking for an elegant touch. The sleek structure blends seamlessly with diverse aesthetics, making it a stellar addition to any home.', 'MDF', '130 x 78 x 57 cm', '22 kg', '1 Year Warranty', 48286.00, 668.00, 2671.00, 4.6, 53, 50, TRUE, 'new');
INSERT INTO product_variants (product_id, colour_name, colour_hex, images, stock) VALUES 
(49, 'Oak', '#B8860B', '["https://images.unsplash.com/photo-1595428774223-ef52624120d2?w=800&auto=format&fit=crop&q=80","https://images.unsplash.com/photo-1616486338812-3dadae4b4ace?w=800&auto=format&fit=crop&q=80","https://images.unsplash.com/photo-1600566753190-17f0baa2a6c3?w=800&auto=format&fit=crop&q=80","https://images.unsplash.com/photo-1600585154526-990dced4db0d?w=800&auto=format&fit=crop&q=80"]'::jsonb, 20),
(49, 'White', '#FFFFFF', '["https://images.unsplash.com/photo-1616486338812-3dadae4b4ace?w=800&auto=format&fit=crop&q=80","https://images.unsplash.com/photo-1600566753190-17f0baa2a6c3?w=800&auto=format&fit=crop&q=80","https://images.unsplash.com/photo-1600585154526-990dced4db0d?w=800&auto=format&fit=crop&q=80","https://images.unsplash.com/photo-1502672260266-1c1ef2d93688?w=800&auto=format&fit=crop&q=80"]'::jsonb, 20),
(49, 'Black', '#000000', '["https://images.unsplash.com/photo-1600566753190-17f0baa2a6c3?w=800&auto=format&fit=crop&q=80","https://images.unsplash.com/photo-1600585154526-990dced4db0d?w=800&auto=format&fit=crop&q=80","https://images.unsplash.com/photo-1502672260266-1c1ef2d93688?w=800&auto=format&fit=crop&q=80","https://images.unsplash.com/photo-1600210492486-724fe5c67fb0?w=800&auto=format&fit=crop&q=80"]'::jsonb, 20),
(49, 'Grey', '#808080', '["https://images.unsplash.com/photo-1600585154526-990dced4db0d?w=800&auto=format&fit=crop&q=80","https://images.unsplash.com/photo-1502672260266-1c1ef2d93688?w=800&auto=format&fit=crop&q=80","https://images.unsplash.com/photo-1600210492486-724fe5c67fb0?w=800&auto=format&fit=crop&q=80","https://images.unsplash.com/photo-1616594039964-ae9021a400a0?w=800&auto=format&fit=crop&q=80"]'::jsonb, 20);

INSERT INTO products (id, name, brand, category, description, material, dimensions, weight, warranty, buy_price, rent_price_week, rent_price_month, rating, review_count, stock_quantity, is_available, condition_type) VALUES 
(50, 'Vanguard Heavy-Duty Almirah', 'DécorHome', 'Wardrobe', 'Introduce modern luxury and functionality to your space with the Vanguard Heavy-Duty Almirah by DécorHome. Crafted from high-quality Tempered Glass, it is designed for both exceptional durability and superior comfort. Perfect for living rooms, bedrooms, or modern offices looking for an elegant touch. The sleek structure blends seamlessly with diverse aesthetics, making it a stellar addition to any home.', 'Tempered Glass', '135 x 81 x 59 cm', '24 kg', '2 Year Warranty', 55000.00, 750.00, 3000.00, 4.7, 61, 50, TRUE, 'like_new');
INSERT INTO product_variants (product_id, colour_name, colour_hex, images, stock) VALUES 
(50, 'White', '#FFFFFF', '["https://images.unsplash.com/photo-1616486338812-3dadae4b4ace?w=800&auto=format&fit=crop&q=80","https://images.unsplash.com/photo-1600566753190-17f0baa2a6c3?w=800&auto=format&fit=crop&q=80","https://images.unsplash.com/photo-1600585154526-990dced4db0d?w=800&auto=format&fit=crop&q=80","https://images.unsplash.com/photo-1502672260266-1c1ef2d93688?w=800&auto=format&fit=crop&q=80"]'::jsonb, 20),
(50, 'Black', '#000000', '["https://images.unsplash.com/photo-1600566753190-17f0baa2a6c3?w=800&auto=format&fit=crop&q=80","https://images.unsplash.com/photo-1600585154526-990dced4db0d?w=800&auto=format&fit=crop&q=80","https://images.unsplash.com/photo-1502672260266-1c1ef2d93688?w=800&auto=format&fit=crop&q=80","https://images.unsplash.com/photo-1600210492486-724fe5c67fb0?w=800&auto=format&fit=crop&q=80"]'::jsonb, 20),
(50, 'Grey', '#808080', '["https://images.unsplash.com/photo-1600585154526-990dced4db0d?w=800&auto=format&fit=crop&q=80","https://images.unsplash.com/photo-1502672260266-1c1ef2d93688?w=800&auto=format&fit=crop&q=80","https://images.unsplash.com/photo-1600210492486-724fe5c67fb0?w=800&auto=format&fit=crop&q=80","https://images.unsplash.com/photo-1616594039964-ae9021a400a0?w=800&auto=format&fit=crop&q=80"]'::jsonb, 20),
(50, 'Brown', '#8B4513', '["https://images.unsplash.com/photo-1502672260266-1c1ef2d93688?w=800&auto=format&fit=crop&q=80","https://images.unsplash.com/photo-1600210492486-724fe5c67fb0?w=800&auto=format&fit=crop&q=80","https://images.unsplash.com/photo-1616594039964-ae9021a400a0?w=800&auto=format&fit=crop&q=80","https://images.unsplash.com/photo-1602810318383-e386cc2a3ccf?w=800&auto=format&fit=crop&q=80"]'::jsonb, 20);

INSERT INTO products (id, name, brand, category, description, material, dimensions, weight, warranty, buy_price, rent_price_week, rent_price_month, rating, review_count, stock_quantity, is_available, condition_type) VALUES 
(51, 'HydroClean 8kg Front Load', 'WoodCraft', 'Washing Machine', 'Introduce modern luxury and functionality to your space with the HydroClean 8kg Front Load by WoodCraft. Crafted from high-quality Teak Wood, it is designed for both exceptional durability and superior comfort. Perfect for living rooms, bedrooms, or modern offices looking for an elegant touch. The sleek structure blends seamlessly with diverse aesthetics, making it a stellar addition to any home.', 'Teak Wood', '100 x 60 x 45 cm', '10 kg', '1 Year Warranty', 12000.00, 225.00, 900.00, 4.0, 5, 50, TRUE, 'new');
INSERT INTO product_variants (product_id, colour_name, colour_hex, images, stock) VALUES 
(51, 'Walnut', '#5C4033', '["https://images.unsplash.com/photo-1528190336454-13cd56b45b5a?w=800&auto=format&fit=crop&q=80","https://images.unsplash.com/photo-1545241047-6083a3684587?w=800&auto=format&fit=crop&q=80","https://images.unsplash.com/photo-1551739440-5dd934d3a94a?w=800&auto=format&fit=crop&q=80","https://images.unsplash.com/photo-1545241047-6083a3684587?w=800&auto=format&fit=crop&q=80"]'::jsonb, 20),
(51, 'Oak', '#B8860B', '["https://images.unsplash.com/photo-1545241047-6083a3684587?w=800&auto=format&fit=crop&q=80","https://images.unsplash.com/photo-1551739440-5dd934d3a94a?w=800&auto=format&fit=crop&q=80","https://images.unsplash.com/photo-1545241047-6083a3684587?w=800&auto=format&fit=crop&q=80","https://images.unsplash.com/photo-1588854337236-6889d631faa8?w=800&auto=format&fit=crop&q=80"]'::jsonb, 20),
(51, 'White', '#FFFFFF', '["https://images.unsplash.com/photo-1551739440-5dd934d3a94a?w=800&auto=format&fit=crop&q=80","https://images.unsplash.com/photo-1545241047-6083a3684587?w=800&auto=format&fit=crop&q=80","https://images.unsplash.com/photo-1588854337236-6889d631faa8?w=800&auto=format&fit=crop&q=80","https://images.unsplash.com/photo-1626806787461-102c1bfaaea1?w=800&auto=format&fit=crop&q=80"]'::jsonb, 20),
(51, 'Black', '#000000', '["https://images.unsplash.com/photo-1545241047-6083a3684587?w=800&auto=format&fit=crop&q=80","https://images.unsplash.com/photo-1588854337236-6889d631faa8?w=800&auto=format&fit=crop&q=80","https://images.unsplash.com/photo-1626806787461-102c1bfaaea1?w=800&auto=format&fit=crop&q=80","https://images.unsplash.com/photo-1581578731548-c64695cc6952?w=800&auto=format&fit=crop&q=80"]'::jsonb, 20);

INSERT INTO products (id, name, brand, category, description, material, dimensions, weight, warranty, buy_price, rent_price_week, rent_price_month, rating, review_count, stock_quantity, is_available, condition_type) VALUES 
(52, 'EcoWash 7kg Top Load', 'HomeBazaar', 'Washing Machine', 'Introduce modern luxury and functionality to your space with the EcoWash 7kg Top Load by HomeBazaar. Crafted from high-quality Sheesham Wood, it is designed for both exceptional durability and superior comfort. Perfect for living rooms, bedrooms, or modern offices looking for an elegant touch. The sleek structure blends seamlessly with diverse aesthetics, making it a stellar addition to any home.', 'Sheesham Wood', '105 x 63 x 47 cm', '12 kg', '2 Year Warranty', 18143.00, 318.00, 1271.00, 4.1, 13, 50, TRUE, 'like_new');
INSERT INTO product_variants (product_id, colour_name, colour_hex, images, stock) VALUES 
(52, 'Oak', '#B8860B', '["https://images.unsplash.com/photo-1545241047-6083a3684587?w=800&auto=format&fit=crop&q=80","https://images.unsplash.com/photo-1551739440-5dd934d3a94a?w=800&auto=format&fit=crop&q=80","https://images.unsplash.com/photo-1545241047-6083a3684587?w=800&auto=format&fit=crop&q=80","https://images.unsplash.com/photo-1588854337236-6889d631faa8?w=800&auto=format&fit=crop&q=80"]'::jsonb, 20),
(52, 'White', '#FFFFFF', '["https://images.unsplash.com/photo-1551739440-5dd934d3a94a?w=800&auto=format&fit=crop&q=80","https://images.unsplash.com/photo-1545241047-6083a3684587?w=800&auto=format&fit=crop&q=80","https://images.unsplash.com/photo-1588854337236-6889d631faa8?w=800&auto=format&fit=crop&q=80","https://images.unsplash.com/photo-1626806787461-102c1bfaaea1?w=800&auto=format&fit=crop&q=80"]'::jsonb, 20),
(52, 'Black', '#000000', '["https://images.unsplash.com/photo-1545241047-6083a3684587?w=800&auto=format&fit=crop&q=80","https://images.unsplash.com/photo-1588854337236-6889d631faa8?w=800&auto=format&fit=crop&q=80","https://images.unsplash.com/photo-1626806787461-102c1bfaaea1?w=800&auto=format&fit=crop&q=80","https://images.unsplash.com/photo-1581578731548-c64695cc6952?w=800&auto=format&fit=crop&q=80"]'::jsonb, 20),
(52, 'Grey', '#808080', '["https://images.unsplash.com/photo-1588854337236-6889d631faa8?w=800&auto=format&fit=crop&q=80","https://images.unsplash.com/photo-1626806787461-102c1bfaaea1?w=800&auto=format&fit=crop&q=80","https://images.unsplash.com/photo-1581578731548-c64695cc6952?w=800&auto=format&fit=crop&q=80","https://images.unsplash.com/photo-1584622781564-1d987f7333c1?w=800&auto=format&fit=crop&q=80"]'::jsonb, 20);

INSERT INTO products (id, name, brand, category, description, material, dimensions, weight, warranty, buy_price, rent_price_week, rent_price_month, rating, review_count, stock_quantity, is_available, condition_type) VALUES 
(53, 'TurboSpin Semi-Automatic', 'RoyalOak', 'Washing Machine', 'Introduce modern luxury and functionality to your space with the TurboSpin Semi-Automatic by RoyalOak. Crafted from high-quality Engineered Wood, it is designed for both exceptional durability and superior comfort. Perfect for living rooms, bedrooms, or modern offices looking for an elegant touch. The sleek structure blends seamlessly with diverse aesthetics, making it a stellar addition to any home.', 'Engineered Wood', '110 x 66 x 49 cm', '14 kg', '3 Year Warranty', 24286.00, 411.00, 1643.00, 4.2, 21, 50, TRUE, 'refurbished');
INSERT INTO product_variants (product_id, colour_name, colour_hex, images, stock) VALUES 
(53, 'White', '#FFFFFF', '["https://images.unsplash.com/photo-1551739440-5dd934d3a94a?w=800&auto=format&fit=crop&q=80","https://images.unsplash.com/photo-1545241047-6083a3684587?w=800&auto=format&fit=crop&q=80","https://images.unsplash.com/photo-1588854337236-6889d631faa8?w=800&auto=format&fit=crop&q=80","https://images.unsplash.com/photo-1626806787461-102c1bfaaea1?w=800&auto=format&fit=crop&q=80"]'::jsonb, 20),
(53, 'Black', '#000000', '["https://images.unsplash.com/photo-1545241047-6083a3684587?w=800&auto=format&fit=crop&q=80","https://images.unsplash.com/photo-1588854337236-6889d631faa8?w=800&auto=format&fit=crop&q=80","https://images.unsplash.com/photo-1626806787461-102c1bfaaea1?w=800&auto=format&fit=crop&q=80","https://images.unsplash.com/photo-1581578731548-c64695cc6952?w=800&auto=format&fit=crop&q=80"]'::jsonb, 20),
(53, 'Grey', '#808080', '["https://images.unsplash.com/photo-1588854337236-6889d631faa8?w=800&auto=format&fit=crop&q=80","https://images.unsplash.com/photo-1626806787461-102c1bfaaea1?w=800&auto=format&fit=crop&q=80","https://images.unsplash.com/photo-1581578731548-c64695cc6952?w=800&auto=format&fit=crop&q=80","https://images.unsplash.com/photo-1584622781564-1d987f7333c1?w=800&auto=format&fit=crop&q=80"]'::jsonb, 20),
(53, 'Brown', '#8B4513', '["https://images.unsplash.com/photo-1626806787461-102c1bfaaea1?w=800&auto=format&fit=crop&q=80","https://images.unsplash.com/photo-1581578731548-c64695cc6952?w=800&auto=format&fit=crop&q=80","https://images.unsplash.com/photo-1584622781564-1d987f7333c1?w=800&auto=format&fit=crop&q=80","https://images.unsplash.com/photo-1528190336454-13cd56b45b5a?w=800&auto=format&fit=crop&q=80"]'::jsonb, 20);

INSERT INTO products (id, name, brand, category, description, material, dimensions, weight, warranty, buy_price, rent_price_week, rent_price_month, rating, review_count, stock_quantity, is_available, condition_type) VALUES 
(54, 'IntelliWash Smart Front Load', 'Nilkamal', 'Washing Machine', 'Introduce modern luxury and functionality to your space with the IntelliWash Smart Front Load by Nilkamal. Crafted from high-quality Premium Fabric, it is designed for both exceptional durability and superior comfort. Perfect for living rooms, bedrooms, or modern offices looking for an elegant touch. The sleek structure blends seamlessly with diverse aesthetics, making it a stellar addition to any home.', 'Premium Fabric', '115 x 69 x 51 cm', '16 kg', '1 Year Warranty', 30429.00, 504.00, 2014.00, 4.3, 29, 50, TRUE, 'new');
INSERT INTO product_variants (product_id, colour_name, colour_hex, images, stock) VALUES 
(54, 'Black', '#000000', '["https://images.unsplash.com/photo-1545241047-6083a3684587?w=800&auto=format&fit=crop&q=80","https://images.unsplash.com/photo-1588854337236-6889d631faa8?w=800&auto=format&fit=crop&q=80","https://images.unsplash.com/photo-1626806787461-102c1bfaaea1?w=800&auto=format&fit=crop&q=80","https://images.unsplash.com/photo-1581578731548-c64695cc6952?w=800&auto=format&fit=crop&q=80"]'::jsonb, 20),
(54, 'Grey', '#808080', '["https://images.unsplash.com/photo-1588854337236-6889d631faa8?w=800&auto=format&fit=crop&q=80","https://images.unsplash.com/photo-1626806787461-102c1bfaaea1?w=800&auto=format&fit=crop&q=80","https://images.unsplash.com/photo-1581578731548-c64695cc6952?w=800&auto=format&fit=crop&q=80","https://images.unsplash.com/photo-1584622781564-1d987f7333c1?w=800&auto=format&fit=crop&q=80"]'::jsonb, 20),
(54, 'Brown', '#8B4513', '["https://images.unsplash.com/photo-1626806787461-102c1bfaaea1?w=800&auto=format&fit=crop&q=80","https://images.unsplash.com/photo-1581578731548-c64695cc6952?w=800&auto=format&fit=crop&q=80","https://images.unsplash.com/photo-1584622781564-1d987f7333c1?w=800&auto=format&fit=crop&q=80","https://images.unsplash.com/photo-1528190336454-13cd56b45b5a?w=800&auto=format&fit=crop&q=80"]'::jsonb, 20),
(54, 'Beige', '#F5F5DC', '["https://images.unsplash.com/photo-1581578731548-c64695cc6952?w=800&auto=format&fit=crop&q=80","https://images.unsplash.com/photo-1584622781564-1d987f7333c1?w=800&auto=format&fit=crop&q=80","https://images.unsplash.com/photo-1528190336454-13cd56b45b5a?w=800&auto=format&fit=crop&q=80","https://images.unsplash.com/photo-1545241047-6083a3684587?w=800&auto=format&fit=crop&q=80"]'::jsonb, 20);

INSERT INTO products (id, name, brand, category, description, material, dimensions, weight, warranty, buy_price, rent_price_week, rent_price_month, rating, review_count, stock_quantity, is_available, condition_type) VALUES 
(55, 'Apex 9kg Dry-Wash System', 'UrbanLadder', 'Washing Machine', 'Introduce modern luxury and functionality to your space with the Apex 9kg Dry-Wash System by UrbanLadder. Crafted from high-quality Leatherette, it is designed for both exceptional durability and superior comfort. Perfect for living rooms, bedrooms, or modern offices looking for an elegant touch. The sleek structure blends seamlessly with diverse aesthetics, making it a stellar addition to any home.', 'Leatherette', '120 x 72 x 53 cm', '18 kg', '2 Year Warranty', 36571.00, 597.00, 2386.00, 4.4, 37, 50, TRUE, 'like_new');
INSERT INTO product_variants (product_id, colour_name, colour_hex, images, stock) VALUES 
(55, 'Grey', '#808080', '["https://images.unsplash.com/photo-1588854337236-6889d631faa8?w=800&auto=format&fit=crop&q=80","https://images.unsplash.com/photo-1626806787461-102c1bfaaea1?w=800&auto=format&fit=crop&q=80","https://images.unsplash.com/photo-1581578731548-c64695cc6952?w=800&auto=format&fit=crop&q=80","https://images.unsplash.com/photo-1584622781564-1d987f7333c1?w=800&auto=format&fit=crop&q=80"]'::jsonb, 20),
(55, 'Brown', '#8B4513', '["https://images.unsplash.com/photo-1626806787461-102c1bfaaea1?w=800&auto=format&fit=crop&q=80","https://images.unsplash.com/photo-1581578731548-c64695cc6952?w=800&auto=format&fit=crop&q=80","https://images.unsplash.com/photo-1584622781564-1d987f7333c1?w=800&auto=format&fit=crop&q=80","https://images.unsplash.com/photo-1528190336454-13cd56b45b5a?w=800&auto=format&fit=crop&q=80"]'::jsonb, 20),
(55, 'Beige', '#F5F5DC', '["https://images.unsplash.com/photo-1581578731548-c64695cc6952?w=800&auto=format&fit=crop&q=80","https://images.unsplash.com/photo-1584622781564-1d987f7333c1?w=800&auto=format&fit=crop&q=80","https://images.unsplash.com/photo-1528190336454-13cd56b45b5a?w=800&auto=format&fit=crop&q=80","https://images.unsplash.com/photo-1545241047-6083a3684587?w=800&auto=format&fit=crop&q=80"]'::jsonb, 20),
(55, 'Navy', '#000080', '["https://images.unsplash.com/photo-1584622781564-1d987f7333c1?w=800&auto=format&fit=crop&q=80","https://images.unsplash.com/photo-1528190336454-13cd56b45b5a?w=800&auto=format&fit=crop&q=80","https://images.unsplash.com/photo-1545241047-6083a3684587?w=800&auto=format&fit=crop&q=80","https://images.unsplash.com/photo-1551739440-5dd934d3a94a?w=800&auto=format&fit=crop&q=80"]'::jsonb, 20);

INSERT INTO products (id, name, brand, category, description, material, dimensions, weight, warranty, buy_price, rent_price_week, rent_price_month, rating, review_count, stock_quantity, is_available, condition_type) VALUES 
(56, 'LiteWash Compact Washing Machine', 'Durian', 'Washing Machine', 'Introduce modern luxury and functionality to your space with the LiteWash Compact Washing Machine by Durian. Crafted from high-quality Metal & Alloy, it is designed for both exceptional durability and superior comfort. Perfect for living rooms, bedrooms, or modern offices looking for an elegant touch. The sleek structure blends seamlessly with diverse aesthetics, making it a stellar addition to any home.', 'Metal & Alloy', '125 x 75 x 55 cm', '20 kg', '3 Year Warranty', 42714.00, 689.00, 2757.00, 4.5, 45, 50, TRUE, 'refurbished');
INSERT INTO product_variants (product_id, colour_name, colour_hex, images, stock) VALUES 
(56, 'Walnut', '#5C4033', '["https://images.unsplash.com/photo-1626806787461-102c1bfaaea1?w=800&auto=format&fit=crop&q=80","https://images.unsplash.com/photo-1581578731548-c64695cc6952?w=800&auto=format&fit=crop&q=80","https://images.unsplash.com/photo-1584622781564-1d987f7333c1?w=800&auto=format&fit=crop&q=80","https://images.unsplash.com/photo-1528190336454-13cd56b45b5a?w=800&auto=format&fit=crop&q=80"]'::jsonb, 20),
(56, 'Oak', '#B8860B', '["https://images.unsplash.com/photo-1581578731548-c64695cc6952?w=800&auto=format&fit=crop&q=80","https://images.unsplash.com/photo-1584622781564-1d987f7333c1?w=800&auto=format&fit=crop&q=80","https://images.unsplash.com/photo-1528190336454-13cd56b45b5a?w=800&auto=format&fit=crop&q=80","https://images.unsplash.com/photo-1545241047-6083a3684587?w=800&auto=format&fit=crop&q=80"]'::jsonb, 20),
(56, 'White', '#FFFFFF', '["https://images.unsplash.com/photo-1584622781564-1d987f7333c1?w=800&auto=format&fit=crop&q=80","https://images.unsplash.com/photo-1528190336454-13cd56b45b5a?w=800&auto=format&fit=crop&q=80","https://images.unsplash.com/photo-1545241047-6083a3684587?w=800&auto=format&fit=crop&q=80","https://images.unsplash.com/photo-1551739440-5dd934d3a94a?w=800&auto=format&fit=crop&q=80"]'::jsonb, 20),
(56, 'Black', '#000000', '["https://images.unsplash.com/photo-1528190336454-13cd56b45b5a?w=800&auto=format&fit=crop&q=80","https://images.unsplash.com/photo-1545241047-6083a3684587?w=800&auto=format&fit=crop&q=80","https://images.unsplash.com/photo-1551739440-5dd934d3a94a?w=800&auto=format&fit=crop&q=80","https://images.unsplash.com/photo-1545241047-6083a3684587?w=800&auto=format&fit=crop&q=80"]'::jsonb, 20);

INSERT INTO products (id, name, brand, category, description, material, dimensions, weight, warranty, buy_price, rent_price_week, rent_price_month, rating, review_count, stock_quantity, is_available, condition_type) VALUES 
(57, 'Quantum Inverter Washing Machine', 'FurnitureMart', 'Washing Machine', 'Introduce modern luxury and functionality to your space with the Quantum Inverter Washing Machine by FurnitureMart. Crafted from high-quality MDF, it is designed for both exceptional durability and superior comfort. Perfect for living rooms, bedrooms, or modern offices looking for an elegant touch. The sleek structure blends seamlessly with diverse aesthetics, making it a stellar addition to any home.', 'MDF', '130 x 78 x 57 cm', '22 kg', '1 Year Warranty', 48857.00, 782.00, 3129.00, 4.6, 53, 50, TRUE, 'new');
INSERT INTO product_variants (product_id, colour_name, colour_hex, images, stock) VALUES 
(57, 'Oak', '#B8860B', '["https://images.unsplash.com/photo-1581578731548-c64695cc6952?w=800&auto=format&fit=crop&q=80","https://images.unsplash.com/photo-1584622781564-1d987f7333c1?w=800&auto=format&fit=crop&q=80","https://images.unsplash.com/photo-1528190336454-13cd56b45b5a?w=800&auto=format&fit=crop&q=80","https://images.unsplash.com/photo-1545241047-6083a3684587?w=800&auto=format&fit=crop&q=80"]'::jsonb, 20),
(57, 'White', '#FFFFFF', '["https://images.unsplash.com/photo-1584622781564-1d987f7333c1?w=800&auto=format&fit=crop&q=80","https://images.unsplash.com/photo-1528190336454-13cd56b45b5a?w=800&auto=format&fit=crop&q=80","https://images.unsplash.com/photo-1545241047-6083a3684587?w=800&auto=format&fit=crop&q=80","https://images.unsplash.com/photo-1551739440-5dd934d3a94a?w=800&auto=format&fit=crop&q=80"]'::jsonb, 20),
(57, 'Black', '#000000', '["https://images.unsplash.com/photo-1528190336454-13cd56b45b5a?w=800&auto=format&fit=crop&q=80","https://images.unsplash.com/photo-1545241047-6083a3684587?w=800&auto=format&fit=crop&q=80","https://images.unsplash.com/photo-1551739440-5dd934d3a94a?w=800&auto=format&fit=crop&q=80","https://images.unsplash.com/photo-1545241047-6083a3684587?w=800&auto=format&fit=crop&q=80"]'::jsonb, 20),
(57, 'Grey', '#808080', '["https://images.unsplash.com/photo-1545241047-6083a3684587?w=800&auto=format&fit=crop&q=80","https://images.unsplash.com/photo-1551739440-5dd934d3a94a?w=800&auto=format&fit=crop&q=80","https://images.unsplash.com/photo-1545241047-6083a3684587?w=800&auto=format&fit=crop&q=80","https://images.unsplash.com/photo-1588854337236-6889d631faa8?w=800&auto=format&fit=crop&q=80"]'::jsonb, 20);

INSERT INTO products (id, name, brand, category, description, material, dimensions, weight, warranty, buy_price, rent_price_week, rent_price_month, rating, review_count, stock_quantity, is_available, condition_type) VALUES 
(58, 'ProClean Steam Sanitizer', 'DécorHome', 'Washing Machine', 'Introduce modern luxury and functionality to your space with the ProClean Steam Sanitizer by DécorHome. Crafted from high-quality Tempered Glass, it is designed for both exceptional durability and superior comfort. Perfect for living rooms, bedrooms, or modern offices looking for an elegant touch. The sleek structure blends seamlessly with diverse aesthetics, making it a stellar addition to any home.', 'Tempered Glass', '135 x 81 x 59 cm', '24 kg', '2 Year Warranty', 55000.00, 875.00, 3500.00, 4.7, 61, 50, TRUE, 'like_new');
INSERT INTO product_variants (product_id, colour_name, colour_hex, images, stock) VALUES 
(58, 'White', '#FFFFFF', '["https://images.unsplash.com/photo-1584622781564-1d987f7333c1?w=800&auto=format&fit=crop&q=80","https://images.unsplash.com/photo-1528190336454-13cd56b45b5a?w=800&auto=format&fit=crop&q=80","https://images.unsplash.com/photo-1545241047-6083a3684587?w=800&auto=format&fit=crop&q=80","https://images.unsplash.com/photo-1551739440-5dd934d3a94a?w=800&auto=format&fit=crop&q=80"]'::jsonb, 20),
(58, 'Black', '#000000', '["https://images.unsplash.com/photo-1528190336454-13cd56b45b5a?w=800&auto=format&fit=crop&q=80","https://images.unsplash.com/photo-1545241047-6083a3684587?w=800&auto=format&fit=crop&q=80","https://images.unsplash.com/photo-1551739440-5dd934d3a94a?w=800&auto=format&fit=crop&q=80","https://images.unsplash.com/photo-1545241047-6083a3684587?w=800&auto=format&fit=crop&q=80"]'::jsonb, 20),
(58, 'Grey', '#808080', '["https://images.unsplash.com/photo-1545241047-6083a3684587?w=800&auto=format&fit=crop&q=80","https://images.unsplash.com/photo-1551739440-5dd934d3a94a?w=800&auto=format&fit=crop&q=80","https://images.unsplash.com/photo-1545241047-6083a3684587?w=800&auto=format&fit=crop&q=80","https://images.unsplash.com/photo-1588854337236-6889d631faa8?w=800&auto=format&fit=crop&q=80"]'::jsonb, 20),
(58, 'Brown', '#8B4513', '["https://images.unsplash.com/photo-1551739440-5dd934d3a94a?w=800&auto=format&fit=crop&q=80","https://images.unsplash.com/photo-1545241047-6083a3684587?w=800&auto=format&fit=crop&q=80","https://images.unsplash.com/photo-1588854337236-6889d631faa8?w=800&auto=format&fit=crop&q=80","https://images.unsplash.com/photo-1626806787461-102c1bfaaea1?w=800&auto=format&fit=crop&q=80"]'::jsonb, 20);

INSERT INTO products (id, name, brand, category, description, material, dimensions, weight, warranty, buy_price, rent_price_week, rent_price_month, rating, review_count, stock_quantity, is_available, condition_type) VALUES 
(59, 'FrostFree Double Door 260L', 'WoodCraft', 'Refrigerator', 'Introduce modern luxury and functionality to your space with the FrostFree Double Door 260L by WoodCraft. Crafted from high-quality Teak Wood, it is designed for both exceptional durability and superior comfort. Perfect for living rooms, bedrooms, or modern offices looking for an elegant touch. The sleek structure blends seamlessly with diverse aesthetics, making it a stellar addition to any home.', 'Teak Wood', '100 x 60 x 45 cm', '10 kg', '1 Year Warranty', 15000.00, 250.00, 1000.00, 4.0, 5, 50, TRUE, 'new');
INSERT INTO product_variants (product_id, colour_name, colour_hex, images, stock) VALUES 
(59, 'Walnut', '#5C4033', '["https://images.unsplash.com/photo-1600585154340-be6161a56a0c?w=800&auto=format&fit=crop&q=80","https://images.unsplash.com/photo-1560518883-ce09059eeffa?w=800&auto=format&fit=crop&q=80","https://images.unsplash.com/photo-1573865526739-10659fec78a5?w=800&auto=format&fit=crop&q=80","https://images.unsplash.com/photo-1573865526739-10659fec78a5?w=800&auto=format&fit=crop&q=80"]'::jsonb, 20),
(59, 'Oak', '#B8860B', '["https://images.unsplash.com/photo-1560518883-ce09059eeffa?w=800&auto=format&fit=crop&q=80","https://images.unsplash.com/photo-1573865526739-10659fec78a5?w=800&auto=format&fit=crop&q=80","https://images.unsplash.com/photo-1573865526739-10659fec78a5?w=800&auto=format&fit=crop&q=80","https://images.unsplash.com/photo-1556911220-e15b29be8c8f?w=800&auto=format&fit=crop&q=80"]'::jsonb, 20),
(59, 'White', '#FFFFFF', '["https://images.unsplash.com/photo-1573865526739-10659fec78a5?w=800&auto=format&fit=crop&q=80","https://images.unsplash.com/photo-1573865526739-10659fec78a5?w=800&auto=format&fit=crop&q=80","https://images.unsplash.com/photo-1556911220-e15b29be8c8f?w=800&auto=format&fit=crop&q=80","https://images.unsplash.com/photo-1584622650111-993a426fbf0a?w=800&auto=format&fit=crop&q=80"]'::jsonb, 20),
(59, 'Black', '#000000', '["https://images.unsplash.com/photo-1573865526739-10659fec78a5?w=800&auto=format&fit=crop&q=80","https://images.unsplash.com/photo-1556911220-e15b29be8c8f?w=800&auto=format&fit=crop&q=80","https://images.unsplash.com/photo-1584622650111-993a426fbf0a?w=800&auto=format&fit=crop&q=80","https://images.unsplash.com/photo-1588854337236-6889d631faa8?w=800&auto=format&fit=crop&q=80"]'::jsonb, 20);

INSERT INTO products (id, name, brand, category, description, material, dimensions, weight, warranty, buy_price, rent_price_week, rent_price_month, rating, review_count, stock_quantity, is_available, condition_type) VALUES 
(60, 'DirectCool Single Door 190L', 'HomeBazaar', 'Refrigerator', 'Introduce modern luxury and functionality to your space with the DirectCool Single Door 190L by HomeBazaar. Crafted from high-quality Sheesham Wood, it is designed for both exceptional durability and superior comfort. Perfect for living rooms, bedrooms, or modern offices looking for an elegant touch. The sleek structure blends seamlessly with diverse aesthetics, making it a stellar addition to any home.', 'Sheesham Wood', '105 x 63 x 47 cm', '12 kg', '2 Year Warranty', 23571.00, 375.00, 1500.00, 4.1, 13, 50, TRUE, 'like_new');
INSERT INTO product_variants (product_id, colour_name, colour_hex, images, stock) VALUES 
(60, 'Oak', '#B8860B', '["https://images.unsplash.com/photo-1560518883-ce09059eeffa?w=800&auto=format&fit=crop&q=80","https://images.unsplash.com/photo-1573865526739-10659fec78a5?w=800&auto=format&fit=crop&q=80","https://images.unsplash.com/photo-1573865526739-10659fec78a5?w=800&auto=format&fit=crop&q=80","https://images.unsplash.com/photo-1556911220-e15b29be8c8f?w=800&auto=format&fit=crop&q=80"]'::jsonb, 20),
(60, 'White', '#FFFFFF', '["https://images.unsplash.com/photo-1573865526739-10659fec78a5?w=800&auto=format&fit=crop&q=80","https://images.unsplash.com/photo-1573865526739-10659fec78a5?w=800&auto=format&fit=crop&q=80","https://images.unsplash.com/photo-1556911220-e15b29be8c8f?w=800&auto=format&fit=crop&q=80","https://images.unsplash.com/photo-1584622650111-993a426fbf0a?w=800&auto=format&fit=crop&q=80"]'::jsonb, 20),
(60, 'Black', '#000000', '["https://images.unsplash.com/photo-1573865526739-10659fec78a5?w=800&auto=format&fit=crop&q=80","https://images.unsplash.com/photo-1556911220-e15b29be8c8f?w=800&auto=format&fit=crop&q=80","https://images.unsplash.com/photo-1584622650111-993a426fbf0a?w=800&auto=format&fit=crop&q=80","https://images.unsplash.com/photo-1588854337236-6889d631faa8?w=800&auto=format&fit=crop&q=80"]'::jsonb, 20),
(60, 'Grey', '#808080', '["https://images.unsplash.com/photo-1556911220-e15b29be8c8f?w=800&auto=format&fit=crop&q=80","https://images.unsplash.com/photo-1584622650111-993a426fbf0a?w=800&auto=format&fit=crop&q=80","https://images.unsplash.com/photo-1588854337236-6889d631faa8?w=800&auto=format&fit=crop&q=80","https://images.unsplash.com/photo-1600607687920-4e2a09cf159d?w=800&auto=format&fit=crop&q=80"]'::jsonb, 20);

INSERT INTO products (id, name, brand, category, description, material, dimensions, weight, warranty, buy_price, rent_price_week, rent_price_month, rating, review_count, stock_quantity, is_available, condition_type) VALUES 
(61, 'SideBySide Neo Refrigerator 580L', 'RoyalOak', 'Refrigerator', 'Introduce modern luxury and functionality to your space with the SideBySide Neo Refrigerator 580L by RoyalOak. Crafted from high-quality Engineered Wood, it is designed for both exceptional durability and superior comfort. Perfect for living rooms, bedrooms, or modern offices looking for an elegant touch. The sleek structure blends seamlessly with diverse aesthetics, making it a stellar addition to any home.', 'Engineered Wood', '110 x 66 x 49 cm', '14 kg', '3 Year Warranty', 32143.00, 500.00, 2000.00, 4.2, 21, 50, TRUE, 'refurbished');
INSERT INTO product_variants (product_id, colour_name, colour_hex, images, stock) VALUES 
(61, 'White', '#FFFFFF', '["https://images.unsplash.com/photo-1573865526739-10659fec78a5?w=800&auto=format&fit=crop&q=80","https://images.unsplash.com/photo-1573865526739-10659fec78a5?w=800&auto=format&fit=crop&q=80","https://images.unsplash.com/photo-1556911220-e15b29be8c8f?w=800&auto=format&fit=crop&q=80","https://images.unsplash.com/photo-1584622650111-993a426fbf0a?w=800&auto=format&fit=crop&q=80"]'::jsonb, 20),
(61, 'Black', '#000000', '["https://images.unsplash.com/photo-1573865526739-10659fec78a5?w=800&auto=format&fit=crop&q=80","https://images.unsplash.com/photo-1556911220-e15b29be8c8f?w=800&auto=format&fit=crop&q=80","https://images.unsplash.com/photo-1584622650111-993a426fbf0a?w=800&auto=format&fit=crop&q=80","https://images.unsplash.com/photo-1588854337236-6889d631faa8?w=800&auto=format&fit=crop&q=80"]'::jsonb, 20),
(61, 'Grey', '#808080', '["https://images.unsplash.com/photo-1556911220-e15b29be8c8f?w=800&auto=format&fit=crop&q=80","https://images.unsplash.com/photo-1584622650111-993a426fbf0a?w=800&auto=format&fit=crop&q=80","https://images.unsplash.com/photo-1588854337236-6889d631faa8?w=800&auto=format&fit=crop&q=80","https://images.unsplash.com/photo-1600607687920-4e2a09cf159d?w=800&auto=format&fit=crop&q=80"]'::jsonb, 20),
(61, 'Brown', '#8B4513', '["https://images.unsplash.com/photo-1584622650111-993a426fbf0a?w=800&auto=format&fit=crop&q=80","https://images.unsplash.com/photo-1588854337236-6889d631faa8?w=800&auto=format&fit=crop&q=80","https://images.unsplash.com/photo-1600607687920-4e2a09cf159d?w=800&auto=format&fit=crop&q=80","https://images.unsplash.com/photo-1600585154340-be6161a56a0c?w=800&auto=format&fit=crop&q=80"]'::jsonb, 20);

INSERT INTO products (id, name, brand, category, description, material, dimensions, weight, warranty, buy_price, rent_price_week, rent_price_month, rating, review_count, stock_quantity, is_available, condition_type) VALUES 
(62, 'MultiZone French Door 420L', 'Nilkamal', 'Refrigerator', 'Introduce modern luxury and functionality to your space with the MultiZone French Door 420L by Nilkamal. Crafted from high-quality Premium Fabric, it is designed for both exceptional durability and superior comfort. Perfect for living rooms, bedrooms, or modern offices looking for an elegant touch. The sleek structure blends seamlessly with diverse aesthetics, making it a stellar addition to any home.', 'Premium Fabric', '115 x 69 x 51 cm', '16 kg', '1 Year Warranty', 40714.00, 625.00, 2500.00, 4.3, 29, 50, TRUE, 'new');
INSERT INTO product_variants (product_id, colour_name, colour_hex, images, stock) VALUES 
(62, 'Black', '#000000', '["https://images.unsplash.com/photo-1573865526739-10659fec78a5?w=800&auto=format&fit=crop&q=80","https://images.unsplash.com/photo-1556911220-e15b29be8c8f?w=800&auto=format&fit=crop&q=80","https://images.unsplash.com/photo-1584622650111-993a426fbf0a?w=800&auto=format&fit=crop&q=80","https://images.unsplash.com/photo-1588854337236-6889d631faa8?w=800&auto=format&fit=crop&q=80"]'::jsonb, 20),
(62, 'Grey', '#808080', '["https://images.unsplash.com/photo-1556911220-e15b29be8c8f?w=800&auto=format&fit=crop&q=80","https://images.unsplash.com/photo-1584622650111-993a426fbf0a?w=800&auto=format&fit=crop&q=80","https://images.unsplash.com/photo-1588854337236-6889d631faa8?w=800&auto=format&fit=crop&q=80","https://images.unsplash.com/photo-1600607687920-4e2a09cf159d?w=800&auto=format&fit=crop&q=80"]'::jsonb, 20),
(62, 'Brown', '#8B4513', '["https://images.unsplash.com/photo-1584622650111-993a426fbf0a?w=800&auto=format&fit=crop&q=80","https://images.unsplash.com/photo-1588854337236-6889d631faa8?w=800&auto=format&fit=crop&q=80","https://images.unsplash.com/photo-1600607687920-4e2a09cf159d?w=800&auto=format&fit=crop&q=80","https://images.unsplash.com/photo-1600585154340-be6161a56a0c?w=800&auto=format&fit=crop&q=80"]'::jsonb, 20),
(62, 'Beige', '#F5F5DC', '["https://images.unsplash.com/photo-1588854337236-6889d631faa8?w=800&auto=format&fit=crop&q=80","https://images.unsplash.com/photo-1600607687920-4e2a09cf159d?w=800&auto=format&fit=crop&q=80","https://images.unsplash.com/photo-1600585154340-be6161a56a0c?w=800&auto=format&fit=crop&q=80","https://images.unsplash.com/photo-1560518883-ce09059eeffa?w=800&auto=format&fit=crop&q=80"]'::jsonb, 20);

INSERT INTO products (id, name, brand, category, description, material, dimensions, weight, warranty, buy_price, rent_price_week, rent_price_month, rating, review_count, stock_quantity, is_available, condition_type) VALUES 
(63, 'AeroFresh Triple Door Refrigerator', 'UrbanLadder', 'Refrigerator', 'Introduce modern luxury and functionality to your space with the AeroFresh Triple Door Refrigerator by UrbanLadder. Crafted from high-quality Leatherette, it is designed for both exceptional durability and superior comfort. Perfect for living rooms, bedrooms, or modern offices looking for an elegant touch. The sleek structure blends seamlessly with diverse aesthetics, making it a stellar addition to any home.', 'Leatherette', '120 x 72 x 53 cm', '18 kg', '2 Year Warranty', 49286.00, 750.00, 3000.00, 4.4, 37, 50, TRUE, 'like_new');
INSERT INTO product_variants (product_id, colour_name, colour_hex, images, stock) VALUES 
(63, 'Grey', '#808080', '["https://images.unsplash.com/photo-1556911220-e15b29be8c8f?w=800&auto=format&fit=crop&q=80","https://images.unsplash.com/photo-1584622650111-993a426fbf0a?w=800&auto=format&fit=crop&q=80","https://images.unsplash.com/photo-1588854337236-6889d631faa8?w=800&auto=format&fit=crop&q=80","https://images.unsplash.com/photo-1600607687920-4e2a09cf159d?w=800&auto=format&fit=crop&q=80"]'::jsonb, 20),
(63, 'Brown', '#8B4513', '["https://images.unsplash.com/photo-1584622650111-993a426fbf0a?w=800&auto=format&fit=crop&q=80","https://images.unsplash.com/photo-1588854337236-6889d631faa8?w=800&auto=format&fit=crop&q=80","https://images.unsplash.com/photo-1600607687920-4e2a09cf159d?w=800&auto=format&fit=crop&q=80","https://images.unsplash.com/photo-1600585154340-be6161a56a0c?w=800&auto=format&fit=crop&q=80"]'::jsonb, 20),
(63, 'Beige', '#F5F5DC', '["https://images.unsplash.com/photo-1588854337236-6889d631faa8?w=800&auto=format&fit=crop&q=80","https://images.unsplash.com/photo-1600607687920-4e2a09cf159d?w=800&auto=format&fit=crop&q=80","https://images.unsplash.com/photo-1600585154340-be6161a56a0c?w=800&auto=format&fit=crop&q=80","https://images.unsplash.com/photo-1560518883-ce09059eeffa?w=800&auto=format&fit=crop&q=80"]'::jsonb, 20),
(63, 'Navy', '#000080', '["https://images.unsplash.com/photo-1600607687920-4e2a09cf159d?w=800&auto=format&fit=crop&q=80","https://images.unsplash.com/photo-1600585154340-be6161a56a0c?w=800&auto=format&fit=crop&q=80","https://images.unsplash.com/photo-1560518883-ce09059eeffa?w=800&auto=format&fit=crop&q=80","https://images.unsplash.com/photo-1573865526739-10659fec78a5?w=800&auto=format&fit=crop&q=80"]'::jsonb, 20);

INSERT INTO products (id, name, brand, category, description, material, dimensions, weight, warranty, buy_price, rent_price_week, rent_price_month, rating, review_count, stock_quantity, is_available, condition_type) VALUES 
(64, 'MiniBar Compact Refrigerator 50L', 'Durian', 'Refrigerator', 'Introduce modern luxury and functionality to your space with the MiniBar Compact Refrigerator 50L by Durian. Crafted from high-quality Metal & Alloy, it is designed for both exceptional durability and superior comfort. Perfect for living rooms, bedrooms, or modern offices looking for an elegant touch. The sleek structure blends seamlessly with diverse aesthetics, making it a stellar addition to any home.', 'Metal & Alloy', '125 x 75 x 55 cm', '20 kg', '3 Year Warranty', 57857.00, 875.00, 3500.00, 4.5, 45, 50, TRUE, 'refurbished');
INSERT INTO product_variants (product_id, colour_name, colour_hex, images, stock) VALUES 
(64, 'Walnut', '#5C4033', '["https://images.unsplash.com/photo-1584622650111-993a426fbf0a?w=800&auto=format&fit=crop&q=80","https://images.unsplash.com/photo-1588854337236-6889d631faa8?w=800&auto=format&fit=crop&q=80","https://images.unsplash.com/photo-1600607687920-4e2a09cf159d?w=800&auto=format&fit=crop&q=80","https://images.unsplash.com/photo-1600585154340-be6161a56a0c?w=800&auto=format&fit=crop&q=80"]'::jsonb, 20),
(64, 'Oak', '#B8860B', '["https://images.unsplash.com/photo-1588854337236-6889d631faa8?w=800&auto=format&fit=crop&q=80","https://images.unsplash.com/photo-1600607687920-4e2a09cf159d?w=800&auto=format&fit=crop&q=80","https://images.unsplash.com/photo-1600585154340-be6161a56a0c?w=800&auto=format&fit=crop&q=80","https://images.unsplash.com/photo-1560518883-ce09059eeffa?w=800&auto=format&fit=crop&q=80"]'::jsonb, 20),
(64, 'White', '#FFFFFF', '["https://images.unsplash.com/photo-1600607687920-4e2a09cf159d?w=800&auto=format&fit=crop&q=80","https://images.unsplash.com/photo-1600585154340-be6161a56a0c?w=800&auto=format&fit=crop&q=80","https://images.unsplash.com/photo-1560518883-ce09059eeffa?w=800&auto=format&fit=crop&q=80","https://images.unsplash.com/photo-1573865526739-10659fec78a5?w=800&auto=format&fit=crop&q=80"]'::jsonb, 20),
(64, 'Black', '#000000', '["https://images.unsplash.com/photo-1600585154340-be6161a56a0c?w=800&auto=format&fit=crop&q=80","https://images.unsplash.com/photo-1560518883-ce09059eeffa?w=800&auto=format&fit=crop&q=80","https://images.unsplash.com/photo-1573865526739-10659fec78a5?w=800&auto=format&fit=crop&q=80","https://images.unsplash.com/photo-1573865526739-10659fec78a5?w=800&auto=format&fit=crop&q=80"]'::jsonb, 20);

INSERT INTO products (id, name, brand, category, description, material, dimensions, weight, warranty, buy_price, rent_price_week, rent_price_month, rating, review_count, stock_quantity, is_available, condition_type) VALUES 
(65, 'SmartInverter Refrigerator 320L', 'FurnitureMart', 'Refrigerator', 'Introduce modern luxury and functionality to your space with the SmartInverter Refrigerator 320L by FurnitureMart. Crafted from high-quality MDF, it is designed for both exceptional durability and superior comfort. Perfect for living rooms, bedrooms, or modern offices looking for an elegant touch. The sleek structure blends seamlessly with diverse aesthetics, making it a stellar addition to any home.', 'MDF', '130 x 78 x 57 cm', '22 kg', '1 Year Warranty', 66429.00, 1000.00, 4000.00, 4.6, 53, 50, TRUE, 'new');
INSERT INTO product_variants (product_id, colour_name, colour_hex, images, stock) VALUES 
(65, 'Oak', '#B8860B', '["https://images.unsplash.com/photo-1588854337236-6889d631faa8?w=800&auto=format&fit=crop&q=80","https://images.unsplash.com/photo-1600607687920-4e2a09cf159d?w=800&auto=format&fit=crop&q=80","https://images.unsplash.com/photo-1600585154340-be6161a56a0c?w=800&auto=format&fit=crop&q=80","https://images.unsplash.com/photo-1560518883-ce09059eeffa?w=800&auto=format&fit=crop&q=80"]'::jsonb, 20),
(65, 'White', '#FFFFFF', '["https://images.unsplash.com/photo-1600607687920-4e2a09cf159d?w=800&auto=format&fit=crop&q=80","https://images.unsplash.com/photo-1600585154340-be6161a56a0c?w=800&auto=format&fit=crop&q=80","https://images.unsplash.com/photo-1560518883-ce09059eeffa?w=800&auto=format&fit=crop&q=80","https://images.unsplash.com/photo-1573865526739-10659fec78a5?w=800&auto=format&fit=crop&q=80"]'::jsonb, 20),
(65, 'Black', '#000000', '["https://images.unsplash.com/photo-1600585154340-be6161a56a0c?w=800&auto=format&fit=crop&q=80","https://images.unsplash.com/photo-1560518883-ce09059eeffa?w=800&auto=format&fit=crop&q=80","https://images.unsplash.com/photo-1573865526739-10659fec78a5?w=800&auto=format&fit=crop&q=80","https://images.unsplash.com/photo-1573865526739-10659fec78a5?w=800&auto=format&fit=crop&q=80"]'::jsonb, 20),
(65, 'Grey', '#808080', '["https://images.unsplash.com/photo-1560518883-ce09059eeffa?w=800&auto=format&fit=crop&q=80","https://images.unsplash.com/photo-1573865526739-10659fec78a5?w=800&auto=format&fit=crop&q=80","https://images.unsplash.com/photo-1573865526739-10659fec78a5?w=800&auto=format&fit=crop&q=80","https://images.unsplash.com/photo-1556911220-e15b29be8c8f?w=800&auto=format&fit=crop&q=80"]'::jsonb, 20);

INSERT INTO products (id, name, brand, category, description, material, dimensions, weight, warranty, buy_price, rent_price_week, rent_price_month, rating, review_count, stock_quantity, is_available, condition_type) VALUES 
(66, 'ChefClassic Pro Refrigerator 600L', 'DécorHome', 'Refrigerator', 'Introduce modern luxury and functionality to your space with the ChefClassic Pro Refrigerator 600L by DécorHome. Crafted from high-quality Tempered Glass, it is designed for both exceptional durability and superior comfort. Perfect for living rooms, bedrooms, or modern offices looking for an elegant touch. The sleek structure blends seamlessly with diverse aesthetics, making it a stellar addition to any home.', 'Tempered Glass', '135 x 81 x 59 cm', '24 kg', '2 Year Warranty', 75000.00, 1125.00, 4500.00, 4.7, 61, 50, TRUE, 'like_new');
INSERT INTO product_variants (product_id, colour_name, colour_hex, images, stock) VALUES 
(66, 'White', '#FFFFFF', '["https://images.unsplash.com/photo-1600607687920-4e2a09cf159d?w=800&auto=format&fit=crop&q=80","https://images.unsplash.com/photo-1600585154340-be6161a56a0c?w=800&auto=format&fit=crop&q=80","https://images.unsplash.com/photo-1560518883-ce09059eeffa?w=800&auto=format&fit=crop&q=80","https://images.unsplash.com/photo-1573865526739-10659fec78a5?w=800&auto=format&fit=crop&q=80"]'::jsonb, 20),
(66, 'Black', '#000000', '["https://images.unsplash.com/photo-1600585154340-be6161a56a0c?w=800&auto=format&fit=crop&q=80","https://images.unsplash.com/photo-1560518883-ce09059eeffa?w=800&auto=format&fit=crop&q=80","https://images.unsplash.com/photo-1573865526739-10659fec78a5?w=800&auto=format&fit=crop&q=80","https://images.unsplash.com/photo-1573865526739-10659fec78a5?w=800&auto=format&fit=crop&q=80"]'::jsonb, 20),
(66, 'Grey', '#808080', '["https://images.unsplash.com/photo-1560518883-ce09059eeffa?w=800&auto=format&fit=crop&q=80","https://images.unsplash.com/photo-1573865526739-10659fec78a5?w=800&auto=format&fit=crop&q=80","https://images.unsplash.com/photo-1573865526739-10659fec78a5?w=800&auto=format&fit=crop&q=80","https://images.unsplash.com/photo-1556911220-e15b29be8c8f?w=800&auto=format&fit=crop&q=80"]'::jsonb, 20),
(66, 'Brown', '#8B4513', '["https://images.unsplash.com/photo-1573865526739-10659fec78a5?w=800&auto=format&fit=crop&q=80","https://images.unsplash.com/photo-1573865526739-10659fec78a5?w=800&auto=format&fit=crop&q=80","https://images.unsplash.com/photo-1556911220-e15b29be8c8f?w=800&auto=format&fit=crop&q=80","https://images.unsplash.com/photo-1584622650111-993a426fbf0a?w=800&auto=format&fit=crop&q=80"]'::jsonb, 20);

INSERT INTO products (id, name, brand, category, description, material, dimensions, weight, warranty, buy_price, rent_price_week, rent_price_month, rating, review_count, stock_quantity, is_available, condition_type) VALUES 
(67, 'ArcticInverter 1.5 Ton Split AC', 'WoodCraft', 'AC', 'Introduce modern luxury and functionality to your space with the ArcticInverter 1.5 Ton Split AC by WoodCraft. Crafted from high-quality Teak Wood, it is designed for both exceptional durability and superior comfort. Perfect for living rooms, bedrooms, or modern offices looking for an elegant touch. The sleek structure blends seamlessly with diverse aesthetics, making it a stellar addition to any home.', 'Teak Wood', '100 x 60 x 45 cm', '10 kg', '1 Year Warranty', 25000.00, 375.00, 1500.00, 4.0, 5, 50, TRUE, 'new');
INSERT INTO product_variants (product_id, colour_name, colour_hex, images, stock) VALUES 
(67, 'Walnut', '#5C4033', '["https://images.unsplash.com/photo-1527689368864-3a821dbccc34?w=800&auto=format&fit=crop&q=80","https://images.unsplash.com/photo-1585338107529-13afc5f02586?w=800&auto=format&fit=crop&q=80","https://images.unsplash.com/photo-1525498128493-380d1990a112?w=800&auto=format&fit=crop&q=80","https://images.unsplash.com/photo-1595950653106-6c9ebd614d3a?w=800&auto=format&fit=crop&q=80"]'::jsonb, 20),
(67, 'Oak', '#B8860B', '["https://images.unsplash.com/photo-1585338107529-13afc5f02586?w=800&auto=format&fit=crop&q=80","https://images.unsplash.com/photo-1525498128493-380d1990a112?w=800&auto=format&fit=crop&q=80","https://images.unsplash.com/photo-1595950653106-6c9ebd614d3a?w=800&auto=format&fit=crop&q=80","https://images.unsplash.com/photo-1560169897-fc0cdbdfa4d5?w=800&auto=format&fit=crop&q=80"]'::jsonb, 20),
(67, 'White', '#FFFFFF', '["https://images.unsplash.com/photo-1525498128493-380d1990a112?w=800&auto=format&fit=crop&q=80","https://images.unsplash.com/photo-1595950653106-6c9ebd614d3a?w=800&auto=format&fit=crop&q=80","https://images.unsplash.com/photo-1560169897-fc0cdbdfa4d5?w=800&auto=format&fit=crop&q=80","https://images.unsplash.com/photo-1563720223185-11003d516935?w=800&auto=format&fit=crop&q=80"]'::jsonb, 20),
(67, 'Black', '#000000', '["https://images.unsplash.com/photo-1595950653106-6c9ebd614d3a?w=800&auto=format&fit=crop&q=80","https://images.unsplash.com/photo-1560169897-fc0cdbdfa4d5?w=800&auto=format&fit=crop&q=80","https://images.unsplash.com/photo-1563720223185-11003d516935?w=800&auto=format&fit=crop&q=80","https://images.unsplash.com/photo-1605647540924-852290f6b0d5?w=800&auto=format&fit=crop&q=80"]'::jsonb, 20);

INSERT INTO products (id, name, brand, category, description, material, dimensions, weight, warranty, buy_price, rent_price_week, rent_price_month, rating, review_count, stock_quantity, is_available, condition_type) VALUES 
(68, 'Cyclone 1 Ton Window AC', 'HomeBazaar', 'AC', 'Introduce modern luxury and functionality to your space with the Cyclone 1 Ton Window AC by HomeBazaar. Crafted from high-quality Sheesham Wood, it is designed for both exceptional durability and superior comfort. Perfect for living rooms, bedrooms, or modern offices looking for an elegant touch. The sleek structure blends seamlessly with diverse aesthetics, making it a stellar addition to any home.', 'Sheesham Wood', '105 x 63 x 47 cm', '12 kg', '2 Year Warranty', 34286.00, 500.00, 2000.00, 4.1, 13, 50, TRUE, 'like_new');
INSERT INTO product_variants (product_id, colour_name, colour_hex, images, stock) VALUES 
(68, 'Oak', '#B8860B', '["https://images.unsplash.com/photo-1585338107529-13afc5f02586?w=800&auto=format&fit=crop&q=80","https://images.unsplash.com/photo-1525498128493-380d1990a112?w=800&auto=format&fit=crop&q=80","https://images.unsplash.com/photo-1595950653106-6c9ebd614d3a?w=800&auto=format&fit=crop&q=80","https://images.unsplash.com/photo-1560169897-fc0cdbdfa4d5?w=800&auto=format&fit=crop&q=80"]'::jsonb, 20),
(68, 'White', '#FFFFFF', '["https://images.unsplash.com/photo-1525498128493-380d1990a112?w=800&auto=format&fit=crop&q=80","https://images.unsplash.com/photo-1595950653106-6c9ebd614d3a?w=800&auto=format&fit=crop&q=80","https://images.unsplash.com/photo-1560169897-fc0cdbdfa4d5?w=800&auto=format&fit=crop&q=80","https://images.unsplash.com/photo-1563720223185-11003d516935?w=800&auto=format&fit=crop&q=80"]'::jsonb, 20),
(68, 'Black', '#000000', '["https://images.unsplash.com/photo-1595950653106-6c9ebd614d3a?w=800&auto=format&fit=crop&q=80","https://images.unsplash.com/photo-1560169897-fc0cdbdfa4d5?w=800&auto=format&fit=crop&q=80","https://images.unsplash.com/photo-1563720223185-11003d516935?w=800&auto=format&fit=crop&q=80","https://images.unsplash.com/photo-1605647540924-852290f6b0d5?w=800&auto=format&fit=crop&q=80"]'::jsonb, 20),
(68, 'Grey', '#808080', '["https://images.unsplash.com/photo-1560169897-fc0cdbdfa4d5?w=800&auto=format&fit=crop&q=80","https://images.unsplash.com/photo-1563720223185-11003d516935?w=800&auto=format&fit=crop&q=80","https://images.unsplash.com/photo-1605647540924-852290f6b0d5?w=800&auto=format&fit=crop&q=80","https://images.unsplash.com/photo-1621905251189-08b45d6a269e?w=800&auto=format&fit=crop&q=80"]'::jsonb, 20);

INSERT INTO products (id, name, brand, category, description, material, dimensions, weight, warranty, buy_price, rent_price_week, rent_price_month, rating, review_count, stock_quantity, is_available, condition_type) VALUES 
(69, 'PolarBlast 2 Ton 5-Star Split AC', 'RoyalOak', 'AC', 'Introduce modern luxury and functionality to your space with the PolarBlast 2 Ton 5-Star Split AC by RoyalOak. Crafted from high-quality Engineered Wood, it is designed for both exceptional durability and superior comfort. Perfect for living rooms, bedrooms, or modern offices looking for an elegant touch. The sleek structure blends seamlessly with diverse aesthetics, making it a stellar addition to any home.', 'Engineered Wood', '110 x 66 x 49 cm', '14 kg', '3 Year Warranty', 43571.00, 625.00, 2500.00, 4.2, 21, 50, TRUE, 'refurbished');
INSERT INTO product_variants (product_id, colour_name, colour_hex, images, stock) VALUES 
(69, 'White', '#FFFFFF', '["https://images.unsplash.com/photo-1525498128493-380d1990a112?w=800&auto=format&fit=crop&q=80","https://images.unsplash.com/photo-1595950653106-6c9ebd614d3a?w=800&auto=format&fit=crop&q=80","https://images.unsplash.com/photo-1560169897-fc0cdbdfa4d5?w=800&auto=format&fit=crop&q=80","https://images.unsplash.com/photo-1563720223185-11003d516935?w=800&auto=format&fit=crop&q=80"]'::jsonb, 20),
(69, 'Black', '#000000', '["https://images.unsplash.com/photo-1595950653106-6c9ebd614d3a?w=800&auto=format&fit=crop&q=80","https://images.unsplash.com/photo-1560169897-fc0cdbdfa4d5?w=800&auto=format&fit=crop&q=80","https://images.unsplash.com/photo-1563720223185-11003d516935?w=800&auto=format&fit=crop&q=80","https://images.unsplash.com/photo-1605647540924-852290f6b0d5?w=800&auto=format&fit=crop&q=80"]'::jsonb, 20),
(69, 'Grey', '#808080', '["https://images.unsplash.com/photo-1560169897-fc0cdbdfa4d5?w=800&auto=format&fit=crop&q=80","https://images.unsplash.com/photo-1563720223185-11003d516935?w=800&auto=format&fit=crop&q=80","https://images.unsplash.com/photo-1605647540924-852290f6b0d5?w=800&auto=format&fit=crop&q=80","https://images.unsplash.com/photo-1621905251189-08b45d6a269e?w=800&auto=format&fit=crop&q=80"]'::jsonb, 20),
(69, 'Brown', '#8B4513', '["https://images.unsplash.com/photo-1563720223185-11003d516935?w=800&auto=format&fit=crop&q=80","https://images.unsplash.com/photo-1605647540924-852290f6b0d5?w=800&auto=format&fit=crop&q=80","https://images.unsplash.com/photo-1621905251189-08b45d6a269e?w=800&auto=format&fit=crop&q=80","https://images.unsplash.com/photo-1527689368864-3a821dbccc34?w=800&auto=format&fit=crop&q=80"]'::jsonb, 20);

INSERT INTO products (id, name, brand, category, description, material, dimensions, weight, warranty, buy_price, rent_price_week, rent_price_month, rating, review_count, stock_quantity, is_available, condition_type) VALUES 
(70, 'SmartChill 1.5 Ton Inverter AC', 'Nilkamal', 'AC', 'Introduce modern luxury and functionality to your space with the SmartChill 1.5 Ton Inverter AC by Nilkamal. Crafted from high-quality Premium Fabric, it is designed for both exceptional durability and superior comfort. Perfect for living rooms, bedrooms, or modern offices looking for an elegant touch. The sleek structure blends seamlessly with diverse aesthetics, making it a stellar addition to any home.', 'Premium Fabric', '115 x 69 x 51 cm', '16 kg', '1 Year Warranty', 52857.00, 750.00, 3000.00, 4.3, 29, 50, TRUE, 'new');
INSERT INTO product_variants (product_id, colour_name, colour_hex, images, stock) VALUES 
(70, 'Black', '#000000', '["https://images.unsplash.com/photo-1595950653106-6c9ebd614d3a?w=800&auto=format&fit=crop&q=80","https://images.unsplash.com/photo-1560169897-fc0cdbdfa4d5?w=800&auto=format&fit=crop&q=80","https://images.unsplash.com/photo-1563720223185-11003d516935?w=800&auto=format&fit=crop&q=80","https://images.unsplash.com/photo-1605647540924-852290f6b0d5?w=800&auto=format&fit=crop&q=80"]'::jsonb, 20),
(70, 'Grey', '#808080', '["https://images.unsplash.com/photo-1560169897-fc0cdbdfa4d5?w=800&auto=format&fit=crop&q=80","https://images.unsplash.com/photo-1563720223185-11003d516935?w=800&auto=format&fit=crop&q=80","https://images.unsplash.com/photo-1605647540924-852290f6b0d5?w=800&auto=format&fit=crop&q=80","https://images.unsplash.com/photo-1621905251189-08b45d6a269e?w=800&auto=format&fit=crop&q=80"]'::jsonb, 20),
(70, 'Brown', '#8B4513', '["https://images.unsplash.com/photo-1563720223185-11003d516935?w=800&auto=format&fit=crop&q=80","https://images.unsplash.com/photo-1605647540924-852290f6b0d5?w=800&auto=format&fit=crop&q=80","https://images.unsplash.com/photo-1621905251189-08b45d6a269e?w=800&auto=format&fit=crop&q=80","https://images.unsplash.com/photo-1527689368864-3a821dbccc34?w=800&auto=format&fit=crop&q=80"]'::jsonb, 20),
(70, 'Beige', '#F5F5DC', '["https://images.unsplash.com/photo-1605647540924-852290f6b0d5?w=800&auto=format&fit=crop&q=80","https://images.unsplash.com/photo-1621905251189-08b45d6a269e?w=800&auto=format&fit=crop&q=80","https://images.unsplash.com/photo-1527689368864-3a821dbccc34?w=800&auto=format&fit=crop&q=80","https://images.unsplash.com/photo-1585338107529-13afc5f02586?w=800&auto=format&fit=crop&q=80"]'::jsonb, 20);

INSERT INTO products (id, name, brand, category, description, material, dimensions, weight, warranty, buy_price, rent_price_week, rent_price_month, rating, review_count, stock_quantity, is_available, condition_type) VALUES 
(71, 'EcoBreeze 1.2 Ton Split AC', 'UrbanLadder', 'AC', 'Introduce modern luxury and functionality to your space with the EcoBreeze 1.2 Ton Split AC by UrbanLadder. Crafted from high-quality Leatherette, it is designed for both exceptional durability and superior comfort. Perfect for living rooms, bedrooms, or modern offices looking for an elegant touch. The sleek structure blends seamlessly with diverse aesthetics, making it a stellar addition to any home.', 'Leatherette', '120 x 72 x 53 cm', '18 kg', '2 Year Warranty', 62143.00, 875.00, 3500.00, 4.4, 37, 50, TRUE, 'like_new');
INSERT INTO product_variants (product_id, colour_name, colour_hex, images, stock) VALUES 
(71, 'Grey', '#808080', '["https://images.unsplash.com/photo-1560169897-fc0cdbdfa4d5?w=800&auto=format&fit=crop&q=80","https://images.unsplash.com/photo-1563720223185-11003d516935?w=800&auto=format&fit=crop&q=80","https://images.unsplash.com/photo-1605647540924-852290f6b0d5?w=800&auto=format&fit=crop&q=80","https://images.unsplash.com/photo-1621905251189-08b45d6a269e?w=800&auto=format&fit=crop&q=80"]'::jsonb, 20),
(71, 'Brown', '#8B4513', '["https://images.unsplash.com/photo-1563720223185-11003d516935?w=800&auto=format&fit=crop&q=80","https://images.unsplash.com/photo-1605647540924-852290f6b0d5?w=800&auto=format&fit=crop&q=80","https://images.unsplash.com/photo-1621905251189-08b45d6a269e?w=800&auto=format&fit=crop&q=80","https://images.unsplash.com/photo-1527689368864-3a821dbccc34?w=800&auto=format&fit=crop&q=80"]'::jsonb, 20),
(71, 'Beige', '#F5F5DC', '["https://images.unsplash.com/photo-1605647540924-852290f6b0d5?w=800&auto=format&fit=crop&q=80","https://images.unsplash.com/photo-1621905251189-08b45d6a269e?w=800&auto=format&fit=crop&q=80","https://images.unsplash.com/photo-1527689368864-3a821dbccc34?w=800&auto=format&fit=crop&q=80","https://images.unsplash.com/photo-1585338107529-13afc5f02586?w=800&auto=format&fit=crop&q=80"]'::jsonb, 20),
(71, 'Navy', '#000080', '["https://images.unsplash.com/photo-1621905251189-08b45d6a269e?w=800&auto=format&fit=crop&q=80","https://images.unsplash.com/photo-1527689368864-3a821dbccc34?w=800&auto=format&fit=crop&q=80","https://images.unsplash.com/photo-1585338107529-13afc5f02586?w=800&auto=format&fit=crop&q=80","https://images.unsplash.com/photo-1525498128493-380d1990a112?w=800&auto=format&fit=crop&q=80"]'::jsonb, 20);

INSERT INTO products (id, name, brand, category, description, material, dimensions, weight, warranty, buy_price, rent_price_week, rent_price_month, rating, review_count, stock_quantity, is_available, condition_type) VALUES 
(72, 'SilentWind Window AC 1.5 Ton', 'Durian', 'AC', 'Introduce modern luxury and functionality to your space with the SilentWind Window AC 1.5 Ton by Durian. Crafted from high-quality Metal & Alloy, it is designed for both exceptional durability and superior comfort. Perfect for living rooms, bedrooms, or modern offices looking for an elegant touch. The sleek structure blends seamlessly with diverse aesthetics, making it a stellar addition to any home.', 'Metal & Alloy', '125 x 75 x 55 cm', '20 kg', '3 Year Warranty', 71429.00, 1000.00, 4000.00, 4.5, 45, 50, TRUE, 'refurbished');
INSERT INTO product_variants (product_id, colour_name, colour_hex, images, stock) VALUES 
(72, 'Walnut', '#5C4033', '["https://images.unsplash.com/photo-1563720223185-11003d516935?w=800&auto=format&fit=crop&q=80","https://images.unsplash.com/photo-1605647540924-852290f6b0d5?w=800&auto=format&fit=crop&q=80","https://images.unsplash.com/photo-1621905251189-08b45d6a269e?w=800&auto=format&fit=crop&q=80","https://images.unsplash.com/photo-1527689368864-3a821dbccc34?w=800&auto=format&fit=crop&q=80"]'::jsonb, 20),
(72, 'Oak', '#B8860B', '["https://images.unsplash.com/photo-1605647540924-852290f6b0d5?w=800&auto=format&fit=crop&q=80","https://images.unsplash.com/photo-1621905251189-08b45d6a269e?w=800&auto=format&fit=crop&q=80","https://images.unsplash.com/photo-1527689368864-3a821dbccc34?w=800&auto=format&fit=crop&q=80","https://images.unsplash.com/photo-1585338107529-13afc5f02586?w=800&auto=format&fit=crop&q=80"]'::jsonb, 20),
(72, 'White', '#FFFFFF', '["https://images.unsplash.com/photo-1621905251189-08b45d6a269e?w=800&auto=format&fit=crop&q=80","https://images.unsplash.com/photo-1527689368864-3a821dbccc34?w=800&auto=format&fit=crop&q=80","https://images.unsplash.com/photo-1585338107529-13afc5f02586?w=800&auto=format&fit=crop&q=80","https://images.unsplash.com/photo-1525498128493-380d1990a112?w=800&auto=format&fit=crop&q=80"]'::jsonb, 20),
(72, 'Black', '#000000', '["https://images.unsplash.com/photo-1527689368864-3a821dbccc34?w=800&auto=format&fit=crop&q=80","https://images.unsplash.com/photo-1585338107529-13afc5f02586?w=800&auto=format&fit=crop&q=80","https://images.unsplash.com/photo-1525498128493-380d1990a112?w=800&auto=format&fit=crop&q=80","https://images.unsplash.com/photo-1595950653106-6c9ebd614d3a?w=800&auto=format&fit=crop&q=80"]'::jsonb, 20);

INSERT INTO products (id, name, brand, category, description, material, dimensions, weight, warranty, buy_price, rent_price_week, rent_price_month, rating, review_count, stock_quantity, is_available, condition_type) VALUES 
(73, 'Apex Tower AC 2.5 Ton', 'FurnitureMart', 'AC', 'Introduce modern luxury and functionality to your space with the Apex Tower AC 2.5 Ton by FurnitureMart. Crafted from high-quality MDF, it is designed for both exceptional durability and superior comfort. Perfect for living rooms, bedrooms, or modern offices looking for an elegant touch. The sleek structure blends seamlessly with diverse aesthetics, making it a stellar addition to any home.', 'MDF', '130 x 78 x 57 cm', '22 kg', '1 Year Warranty', 80714.00, 1125.00, 4500.00, 4.6, 53, 50, TRUE, 'new');
INSERT INTO product_variants (product_id, colour_name, colour_hex, images, stock) VALUES 
(73, 'Oak', '#B8860B', '["https://images.unsplash.com/photo-1605647540924-852290f6b0d5?w=800&auto=format&fit=crop&q=80","https://images.unsplash.com/photo-1621905251189-08b45d6a269e?w=800&auto=format&fit=crop&q=80","https://images.unsplash.com/photo-1527689368864-3a821dbccc34?w=800&auto=format&fit=crop&q=80","https://images.unsplash.com/photo-1585338107529-13afc5f02586?w=800&auto=format&fit=crop&q=80"]'::jsonb, 20),
(73, 'White', '#FFFFFF', '["https://images.unsplash.com/photo-1621905251189-08b45d6a269e?w=800&auto=format&fit=crop&q=80","https://images.unsplash.com/photo-1527689368864-3a821dbccc34?w=800&auto=format&fit=crop&q=80","https://images.unsplash.com/photo-1585338107529-13afc5f02586?w=800&auto=format&fit=crop&q=80","https://images.unsplash.com/photo-1525498128493-380d1990a112?w=800&auto=format&fit=crop&q=80"]'::jsonb, 20),
(73, 'Black', '#000000', '["https://images.unsplash.com/photo-1527689368864-3a821dbccc34?w=800&auto=format&fit=crop&q=80","https://images.unsplash.com/photo-1585338107529-13afc5f02586?w=800&auto=format&fit=crop&q=80","https://images.unsplash.com/photo-1525498128493-380d1990a112?w=800&auto=format&fit=crop&q=80","https://images.unsplash.com/photo-1595950653106-6c9ebd614d3a?w=800&auto=format&fit=crop&q=80"]'::jsonb, 20),
(73, 'Grey', '#808080', '["https://images.unsplash.com/photo-1585338107529-13afc5f02586?w=800&auto=format&fit=crop&q=80","https://images.unsplash.com/photo-1525498128493-380d1990a112?w=800&auto=format&fit=crop&q=80","https://images.unsplash.com/photo-1595950653106-6c9ebd614d3a?w=800&auto=format&fit=crop&q=80","https://images.unsplash.com/photo-1560169897-fc0cdbdfa4d5?w=800&auto=format&fit=crop&q=80"]'::jsonb, 20);

INSERT INTO products (id, name, brand, category, description, material, dimensions, weight, warranty, buy_price, rent_price_week, rent_price_month, rating, review_count, stock_quantity, is_available, condition_type) VALUES 
(74, 'FrostTech Smart Connected AC', 'DécorHome', 'AC', 'Introduce modern luxury and functionality to your space with the FrostTech Smart Connected AC by DécorHome. Crafted from high-quality Tempered Glass, it is designed for both exceptional durability and superior comfort. Perfect for living rooms, bedrooms, or modern offices looking for an elegant touch. The sleek structure blends seamlessly with diverse aesthetics, making it a stellar addition to any home.', 'Tempered Glass', '135 x 81 x 59 cm', '24 kg', '2 Year Warranty', 90000.00, 1250.00, 5000.00, 4.7, 61, 50, TRUE, 'like_new');
INSERT INTO product_variants (product_id, colour_name, colour_hex, images, stock) VALUES 
(74, 'White', '#FFFFFF', '["https://images.unsplash.com/photo-1621905251189-08b45d6a269e?w=800&auto=format&fit=crop&q=80","https://images.unsplash.com/photo-1527689368864-3a821dbccc34?w=800&auto=format&fit=crop&q=80","https://images.unsplash.com/photo-1585338107529-13afc5f02586?w=800&auto=format&fit=crop&q=80","https://images.unsplash.com/photo-1525498128493-380d1990a112?w=800&auto=format&fit=crop&q=80"]'::jsonb, 20),
(74, 'Black', '#000000', '["https://images.unsplash.com/photo-1527689368864-3a821dbccc34?w=800&auto=format&fit=crop&q=80","https://images.unsplash.com/photo-1585338107529-13afc5f02586?w=800&auto=format&fit=crop&q=80","https://images.unsplash.com/photo-1525498128493-380d1990a112?w=800&auto=format&fit=crop&q=80","https://images.unsplash.com/photo-1595950653106-6c9ebd614d3a?w=800&auto=format&fit=crop&q=80"]'::jsonb, 20),
(74, 'Grey', '#808080', '["https://images.unsplash.com/photo-1585338107529-13afc5f02586?w=800&auto=format&fit=crop&q=80","https://images.unsplash.com/photo-1525498128493-380d1990a112?w=800&auto=format&fit=crop&q=80","https://images.unsplash.com/photo-1595950653106-6c9ebd614d3a?w=800&auto=format&fit=crop&q=80","https://images.unsplash.com/photo-1560169897-fc0cdbdfa4d5?w=800&auto=format&fit=crop&q=80"]'::jsonb, 20),
(74, 'Brown', '#8B4513', '["https://images.unsplash.com/photo-1525498128493-380d1990a112?w=800&auto=format&fit=crop&q=80","https://images.unsplash.com/photo-1595950653106-6c9ebd614d3a?w=800&auto=format&fit=crop&q=80","https://images.unsplash.com/photo-1560169897-fc0cdbdfa4d5?w=800&auto=format&fit=crop&q=80","https://images.unsplash.com/photo-1563720223185-11003d516935?w=800&auto=format&fit=crop&q=80"]'::jsonb, 20);

INSERT INTO products (id, name, brand, category, description, material, dimensions, weight, warranty, buy_price, rent_price_week, rent_price_month, rating, review_count, stock_quantity, is_available, condition_type) VALUES 
(75, 'UltraSight 55-inch 4K Smart TV', 'WoodCraft', 'TV', 'Introduce modern luxury and functionality to your space with the UltraSight 55-inch 4K Smart TV by WoodCraft. Crafted from high-quality Teak Wood, it is designed for both exceptional durability and superior comfort. Perfect for living rooms, bedrooms, or modern offices looking for an elegant touch. The sleek structure blends seamlessly with diverse aesthetics, making it a stellar addition to any home.', 'Teak Wood', '100 x 60 x 45 cm', '10 kg', '1 Year Warranty', 12000.00, 200.00, 800.00, 4.0, 5, 50, TRUE, 'new');
INSERT INTO product_variants (product_id, colour_name, colour_hex, images, stock) VALUES 
(75, 'Walnut', '#5C4033', '["https://images.unsplash.com/photo-1552975084-6e027cd345c2?w=800&auto=format&fit=crop&q=80","https://images.unsplash.com/photo-1595950653106-6c9ebd614d3a?w=800&auto=format&fit=crop&q=80","https://images.unsplash.com/photo-1560169897-fc0cdbdfa4d5?w=800&auto=format&fit=crop&q=80","https://images.unsplash.com/photo-1593305841991-05c297ba4575?w=800&auto=format&fit=crop&q=80"]'::jsonb, 20),
(75, 'Oak', '#B8860B', '["https://images.unsplash.com/photo-1595950653106-6c9ebd614d3a?w=800&auto=format&fit=crop&q=80","https://images.unsplash.com/photo-1560169897-fc0cdbdfa4d5?w=800&auto=format&fit=crop&q=80","https://images.unsplash.com/photo-1593305841991-05c297ba4575?w=800&auto=format&fit=crop&q=80","https://images.unsplash.com/photo-1593789198777-f29bc259780e?w=800&auto=format&fit=crop&q=80"]'::jsonb, 20),
(75, 'White', '#FFFFFF', '["https://images.unsplash.com/photo-1560169897-fc0cdbdfa4d5?w=800&auto=format&fit=crop&q=80","https://images.unsplash.com/photo-1593305841991-05c297ba4575?w=800&auto=format&fit=crop&q=80","https://images.unsplash.com/photo-1593789198777-f29bc259780e?w=800&auto=format&fit=crop&q=80","https://images.unsplash.com/photo-1593305841991-05c297ba4575?w=800&auto=format&fit=crop&q=80"]'::jsonb, 20),
(75, 'Black', '#000000', '["https://images.unsplash.com/photo-1593305841991-05c297ba4575?w=800&auto=format&fit=crop&q=80","https://images.unsplash.com/photo-1593789198777-f29bc259780e?w=800&auto=format&fit=crop&q=80","https://images.unsplash.com/photo-1593305841991-05c297ba4575?w=800&auto=format&fit=crop&q=80","https://images.unsplash.com/photo-1461151304267-38535e780c79?w=800&auto=format&fit=crop&q=80"]'::jsonb, 20);

INSERT INTO products (id, name, brand, category, description, material, dimensions, weight, warranty, buy_price, rent_price_week, rent_price_month, rating, review_count, stock_quantity, is_available, condition_type) VALUES 
(76, 'NeoVision 43-inch Full HD TV', 'HomeBazaar', 'TV', 'Introduce modern luxury and functionality to your space with the NeoVision 43-inch Full HD TV by HomeBazaar. Crafted from high-quality Sheesham Wood, it is designed for both exceptional durability and superior comfort. Perfect for living rooms, bedrooms, or modern offices looking for an elegant touch. The sleek structure blends seamlessly with diverse aesthetics, making it a stellar addition to any home.', 'Sheesham Wood', '105 x 63 x 47 cm', '12 kg', '2 Year Warranty', 27429.00, 368.00, 1471.00, 4.1, 13, 50, TRUE, 'like_new');
INSERT INTO product_variants (product_id, colour_name, colour_hex, images, stock) VALUES 
(76, 'Oak', '#B8860B', '["https://images.unsplash.com/photo-1595950653106-6c9ebd614d3a?w=800&auto=format&fit=crop&q=80","https://images.unsplash.com/photo-1560169897-fc0cdbdfa4d5?w=800&auto=format&fit=crop&q=80","https://images.unsplash.com/photo-1593305841991-05c297ba4575?w=800&auto=format&fit=crop&q=80","https://images.unsplash.com/photo-1593789198777-f29bc259780e?w=800&auto=format&fit=crop&q=80"]'::jsonb, 20),
(76, 'White', '#FFFFFF', '["https://images.unsplash.com/photo-1560169897-fc0cdbdfa4d5?w=800&auto=format&fit=crop&q=80","https://images.unsplash.com/photo-1593305841991-05c297ba4575?w=800&auto=format&fit=crop&q=80","https://images.unsplash.com/photo-1593789198777-f29bc259780e?w=800&auto=format&fit=crop&q=80","https://images.unsplash.com/photo-1593305841991-05c297ba4575?w=800&auto=format&fit=crop&q=80"]'::jsonb, 20),
(76, 'Black', '#000000', '["https://images.unsplash.com/photo-1593305841991-05c297ba4575?w=800&auto=format&fit=crop&q=80","https://images.unsplash.com/photo-1593789198777-f29bc259780e?w=800&auto=format&fit=crop&q=80","https://images.unsplash.com/photo-1593305841991-05c297ba4575?w=800&auto=format&fit=crop&q=80","https://images.unsplash.com/photo-1461151304267-38535e780c79?w=800&auto=format&fit=crop&q=80"]'::jsonb, 20),
(76, 'Grey', '#808080', '["https://images.unsplash.com/photo-1593789198777-f29bc259780e?w=800&auto=format&fit=crop&q=80","https://images.unsplash.com/photo-1593305841991-05c297ba4575?w=800&auto=format&fit=crop&q=80","https://images.unsplash.com/photo-1461151304267-38535e780c79?w=800&auto=format&fit=crop&q=80","https://images.unsplash.com/photo-1593789198777-f29bc259780e?w=800&auto=format&fit=crop&q=80"]'::jsonb, 20);

INSERT INTO products (id, name, brand, category, description, material, dimensions, weight, warranty, buy_price, rent_price_week, rent_price_month, rating, review_count, stock_quantity, is_available, condition_type) VALUES 
(77, 'OLED CinemaPro 65-inch TV', 'RoyalOak', 'TV', 'Introduce modern luxury and functionality to your space with the OLED CinemaPro 65-inch TV by RoyalOak. Crafted from high-quality Engineered Wood, it is designed for both exceptional durability and superior comfort. Perfect for living rooms, bedrooms, or modern offices looking for an elegant touch. The sleek structure blends seamlessly with diverse aesthetics, making it a stellar addition to any home.', 'Engineered Wood', '110 x 66 x 49 cm', '14 kg', '3 Year Warranty', 42857.00, 536.00, 2143.00, 4.2, 21, 50, TRUE, 'refurbished');
INSERT INTO product_variants (product_id, colour_name, colour_hex, images, stock) VALUES 
(77, 'White', '#FFFFFF', '["https://images.unsplash.com/photo-1560169897-fc0cdbdfa4d5?w=800&auto=format&fit=crop&q=80","https://images.unsplash.com/photo-1593305841991-05c297ba4575?w=800&auto=format&fit=crop&q=80","https://images.unsplash.com/photo-1593789198777-f29bc259780e?w=800&auto=format&fit=crop&q=80","https://images.unsplash.com/photo-1593305841991-05c297ba4575?w=800&auto=format&fit=crop&q=80"]'::jsonb, 20),
(77, 'Black', '#000000', '["https://images.unsplash.com/photo-1593305841991-05c297ba4575?w=800&auto=format&fit=crop&q=80","https://images.unsplash.com/photo-1593789198777-f29bc259780e?w=800&auto=format&fit=crop&q=80","https://images.unsplash.com/photo-1593305841991-05c297ba4575?w=800&auto=format&fit=crop&q=80","https://images.unsplash.com/photo-1461151304267-38535e780c79?w=800&auto=format&fit=crop&q=80"]'::jsonb, 20),
(77, 'Grey', '#808080', '["https://images.unsplash.com/photo-1593789198777-f29bc259780e?w=800&auto=format&fit=crop&q=80","https://images.unsplash.com/photo-1593305841991-05c297ba4575?w=800&auto=format&fit=crop&q=80","https://images.unsplash.com/photo-1461151304267-38535e780c79?w=800&auto=format&fit=crop&q=80","https://images.unsplash.com/photo-1593789198777-f29bc259780e?w=800&auto=format&fit=crop&q=80"]'::jsonb, 20),
(77, 'Brown', '#8B4513', '["https://images.unsplash.com/photo-1593305841991-05c297ba4575?w=800&auto=format&fit=crop&q=80","https://images.unsplash.com/photo-1461151304267-38535e780c79?w=800&auto=format&fit=crop&q=80","https://images.unsplash.com/photo-1593789198777-f29bc259780e?w=800&auto=format&fit=crop&q=80","https://images.unsplash.com/photo-1552975084-6e027cd345c2?w=800&auto=format&fit=crop&q=80"]'::jsonb, 20);

INSERT INTO products (id, name, brand, category, description, material, dimensions, weight, warranty, buy_price, rent_price_week, rent_price_month, rating, review_count, stock_quantity, is_available, condition_type) VALUES 
(78, 'Compact Vision 32-inch LED TV', 'Nilkamal', 'TV', 'Introduce modern luxury and functionality to your space with the Compact Vision 32-inch LED TV by Nilkamal. Crafted from high-quality Premium Fabric, it is designed for both exceptional durability and superior comfort. Perfect for living rooms, bedrooms, or modern offices looking for an elegant touch. The sleek structure blends seamlessly with diverse aesthetics, making it a stellar addition to any home.', 'Premium Fabric', '115 x 69 x 51 cm', '16 kg', '1 Year Warranty', 58286.00, 704.00, 2814.00, 4.3, 29, 50, TRUE, 'new');
INSERT INTO product_variants (product_id, colour_name, colour_hex, images, stock) VALUES 
(78, 'Black', '#000000', '["https://images.unsplash.com/photo-1593305841991-05c297ba4575?w=800&auto=format&fit=crop&q=80","https://images.unsplash.com/photo-1593789198777-f29bc259780e?w=800&auto=format&fit=crop&q=80","https://images.unsplash.com/photo-1593305841991-05c297ba4575?w=800&auto=format&fit=crop&q=80","https://images.unsplash.com/photo-1461151304267-38535e780c79?w=800&auto=format&fit=crop&q=80"]'::jsonb, 20),
(78, 'Grey', '#808080', '["https://images.unsplash.com/photo-1593789198777-f29bc259780e?w=800&auto=format&fit=crop&q=80","https://images.unsplash.com/photo-1593305841991-05c297ba4575?w=800&auto=format&fit=crop&q=80","https://images.unsplash.com/photo-1461151304267-38535e780c79?w=800&auto=format&fit=crop&q=80","https://images.unsplash.com/photo-1593789198777-f29bc259780e?w=800&auto=format&fit=crop&q=80"]'::jsonb, 20),
(78, 'Brown', '#8B4513', '["https://images.unsplash.com/photo-1593305841991-05c297ba4575?w=800&auto=format&fit=crop&q=80","https://images.unsplash.com/photo-1461151304267-38535e780c79?w=800&auto=format&fit=crop&q=80","https://images.unsplash.com/photo-1593789198777-f29bc259780e?w=800&auto=format&fit=crop&q=80","https://images.unsplash.com/photo-1552975084-6e027cd345c2?w=800&auto=format&fit=crop&q=80"]'::jsonb, 20),
(78, 'Beige', '#F5F5DC', '["https://images.unsplash.com/photo-1461151304267-38535e780c79?w=800&auto=format&fit=crop&q=80","https://images.unsplash.com/photo-1593789198777-f29bc259780e?w=800&auto=format&fit=crop&q=80","https://images.unsplash.com/photo-1552975084-6e027cd345c2?w=800&auto=format&fit=crop&q=80","https://images.unsplash.com/photo-1595950653106-6c9ebd614d3a?w=800&auto=format&fit=crop&q=80"]'::jsonb, 20);

INSERT INTO products (id, name, brand, category, description, material, dimensions, weight, warranty, buy_price, rent_price_week, rent_price_month, rating, review_count, stock_quantity, is_available, condition_type) VALUES 
(79, 'SuperSensation 75-inch 8K TV', 'UrbanLadder', 'TV', 'Introduce modern luxury and functionality to your space with the SuperSensation 75-inch 8K TV by UrbanLadder. Crafted from high-quality Leatherette, it is designed for both exceptional durability and superior comfort. Perfect for living rooms, bedrooms, or modern offices looking for an elegant touch. The sleek structure blends seamlessly with diverse aesthetics, making it a stellar addition to any home.', 'Leatherette', '120 x 72 x 53 cm', '18 kg', '2 Year Warranty', 73714.00, 872.00, 3486.00, 4.4, 37, 50, TRUE, 'like_new');
INSERT INTO product_variants (product_id, colour_name, colour_hex, images, stock) VALUES 
(79, 'Grey', '#808080', '["https://images.unsplash.com/photo-1593789198777-f29bc259780e?w=800&auto=format&fit=crop&q=80","https://images.unsplash.com/photo-1593305841991-05c297ba4575?w=800&auto=format&fit=crop&q=80","https://images.unsplash.com/photo-1461151304267-38535e780c79?w=800&auto=format&fit=crop&q=80","https://images.unsplash.com/photo-1593789198777-f29bc259780e?w=800&auto=format&fit=crop&q=80"]'::jsonb, 20),
(79, 'Brown', '#8B4513', '["https://images.unsplash.com/photo-1593305841991-05c297ba4575?w=800&auto=format&fit=crop&q=80","https://images.unsplash.com/photo-1461151304267-38535e780c79?w=800&auto=format&fit=crop&q=80","https://images.unsplash.com/photo-1593789198777-f29bc259780e?w=800&auto=format&fit=crop&q=80","https://images.unsplash.com/photo-1552975084-6e027cd345c2?w=800&auto=format&fit=crop&q=80"]'::jsonb, 20),
(79, 'Beige', '#F5F5DC', '["https://images.unsplash.com/photo-1461151304267-38535e780c79?w=800&auto=format&fit=crop&q=80","https://images.unsplash.com/photo-1593789198777-f29bc259780e?w=800&auto=format&fit=crop&q=80","https://images.unsplash.com/photo-1552975084-6e027cd345c2?w=800&auto=format&fit=crop&q=80","https://images.unsplash.com/photo-1595950653106-6c9ebd614d3a?w=800&auto=format&fit=crop&q=80"]'::jsonb, 20),
(79, 'Navy', '#000080', '["https://images.unsplash.com/photo-1593789198777-f29bc259780e?w=800&auto=format&fit=crop&q=80","https://images.unsplash.com/photo-1552975084-6e027cd345c2?w=800&auto=format&fit=crop&q=80","https://images.unsplash.com/photo-1595950653106-6c9ebd614d3a?w=800&auto=format&fit=crop&q=80","https://images.unsplash.com/photo-1560169897-fc0cdbdfa4d5?w=800&auto=format&fit=crop&q=80"]'::jsonb, 20);

INSERT INTO products (id, name, brand, category, description, material, dimensions, weight, warranty, buy_price, rent_price_week, rent_price_month, rating, review_count, stock_quantity, is_available, condition_type) VALUES 
(80, 'FlexStream 50-inch UHD Android TV', 'Durian', 'TV', 'Introduce modern luxury and functionality to your space with the FlexStream 50-inch UHD Android TV by Durian. Crafted from high-quality Metal & Alloy, it is designed for both exceptional durability and superior comfort. Perfect for living rooms, bedrooms, or modern offices looking for an elegant touch. The sleek structure blends seamlessly with diverse aesthetics, making it a stellar addition to any home.', 'Metal & Alloy', '125 x 75 x 55 cm', '20 kg', '3 Year Warranty', 89143.00, 1039.00, 4157.00, 4.5, 45, 50, TRUE, 'refurbished');
INSERT INTO product_variants (product_id, colour_name, colour_hex, images, stock) VALUES 
(80, 'Walnut', '#5C4033', '["https://images.unsplash.com/photo-1593305841991-05c297ba4575?w=800&auto=format&fit=crop&q=80","https://images.unsplash.com/photo-1461151304267-38535e780c79?w=800&auto=format&fit=crop&q=80","https://images.unsplash.com/photo-1593789198777-f29bc259780e?w=800&auto=format&fit=crop&q=80","https://images.unsplash.com/photo-1552975084-6e027cd345c2?w=800&auto=format&fit=crop&q=80"]'::jsonb, 20),
(80, 'Oak', '#B8860B', '["https://images.unsplash.com/photo-1461151304267-38535e780c79?w=800&auto=format&fit=crop&q=80","https://images.unsplash.com/photo-1593789198777-f29bc259780e?w=800&auto=format&fit=crop&q=80","https://images.unsplash.com/photo-1552975084-6e027cd345c2?w=800&auto=format&fit=crop&q=80","https://images.unsplash.com/photo-1595950653106-6c9ebd614d3a?w=800&auto=format&fit=crop&q=80"]'::jsonb, 20),
(80, 'White', '#FFFFFF', '["https://images.unsplash.com/photo-1593789198777-f29bc259780e?w=800&auto=format&fit=crop&q=80","https://images.unsplash.com/photo-1552975084-6e027cd345c2?w=800&auto=format&fit=crop&q=80","https://images.unsplash.com/photo-1595950653106-6c9ebd614d3a?w=800&auto=format&fit=crop&q=80","https://images.unsplash.com/photo-1560169897-fc0cdbdfa4d5?w=800&auto=format&fit=crop&q=80"]'::jsonb, 20),
(80, 'Black', '#000000', '["https://images.unsplash.com/photo-1552975084-6e027cd345c2?w=800&auto=format&fit=crop&q=80","https://images.unsplash.com/photo-1595950653106-6c9ebd614d3a?w=800&auto=format&fit=crop&q=80","https://images.unsplash.com/photo-1560169897-fc0cdbdfa4d5?w=800&auto=format&fit=crop&q=80","https://images.unsplash.com/photo-1593305841991-05c297ba4575?w=800&auto=format&fit=crop&q=80"]'::jsonb, 20);

INSERT INTO products (id, name, brand, category, description, material, dimensions, weight, warranty, buy_price, rent_price_week, rent_price_month, rating, review_count, stock_quantity, is_available, condition_type) VALUES 
(81, 'VisionMax 43-inch Bezel-Less TV', 'FurnitureMart', 'TV', 'Introduce modern luxury and functionality to your space with the VisionMax 43-inch Bezel-Less TV by FurnitureMart. Crafted from high-quality MDF, it is designed for both exceptional durability and superior comfort. Perfect for living rooms, bedrooms, or modern offices looking for an elegant touch. The sleek structure blends seamlessly with diverse aesthetics, making it a stellar addition to any home.', 'MDF', '130 x 78 x 57 cm', '22 kg', '1 Year Warranty', 104571.00, 1207.00, 4829.00, 4.6, 53, 50, TRUE, 'new');
INSERT INTO product_variants (product_id, colour_name, colour_hex, images, stock) VALUES 
(81, 'Oak', '#B8860B', '["https://images.unsplash.com/photo-1461151304267-38535e780c79?w=800&auto=format&fit=crop&q=80","https://images.unsplash.com/photo-1593789198777-f29bc259780e?w=800&auto=format&fit=crop&q=80","https://images.unsplash.com/photo-1552975084-6e027cd345c2?w=800&auto=format&fit=crop&q=80","https://images.unsplash.com/photo-1595950653106-6c9ebd614d3a?w=800&auto=format&fit=crop&q=80"]'::jsonb, 20),
(81, 'White', '#FFFFFF', '["https://images.unsplash.com/photo-1593789198777-f29bc259780e?w=800&auto=format&fit=crop&q=80","https://images.unsplash.com/photo-1552975084-6e027cd345c2?w=800&auto=format&fit=crop&q=80","https://images.unsplash.com/photo-1595950653106-6c9ebd614d3a?w=800&auto=format&fit=crop&q=80","https://images.unsplash.com/photo-1560169897-fc0cdbdfa4d5?w=800&auto=format&fit=crop&q=80"]'::jsonb, 20),
(81, 'Black', '#000000', '["https://images.unsplash.com/photo-1552975084-6e027cd345c2?w=800&auto=format&fit=crop&q=80","https://images.unsplash.com/photo-1595950653106-6c9ebd614d3a?w=800&auto=format&fit=crop&q=80","https://images.unsplash.com/photo-1560169897-fc0cdbdfa4d5?w=800&auto=format&fit=crop&q=80","https://images.unsplash.com/photo-1593305841991-05c297ba4575?w=800&auto=format&fit=crop&q=80"]'::jsonb, 20),
(81, 'Grey', '#808080', '["https://images.unsplash.com/photo-1595950653106-6c9ebd614d3a?w=800&auto=format&fit=crop&q=80","https://images.unsplash.com/photo-1560169897-fc0cdbdfa4d5?w=800&auto=format&fit=crop&q=80","https://images.unsplash.com/photo-1593305841991-05c297ba4575?w=800&auto=format&fit=crop&q=80","https://images.unsplash.com/photo-1593789198777-f29bc259780e?w=800&auto=format&fit=crop&q=80"]'::jsonb, 20);

INSERT INTO products (id, name, brand, category, description, material, dimensions, weight, warranty, buy_price, rent_price_week, rent_price_month, rating, review_count, stock_quantity, is_available, condition_type) VALUES 
(82, 'CinemaShield Curved 55-inch TV', 'DécorHome', 'TV', 'Introduce modern luxury and functionality to your space with the CinemaShield Curved 55-inch TV by DécorHome. Crafted from high-quality Tempered Glass, it is designed for both exceptional durability and superior comfort. Perfect for living rooms, bedrooms, or modern offices looking for an elegant touch. The sleek structure blends seamlessly with diverse aesthetics, making it a stellar addition to any home.', 'Tempered Glass', '135 x 81 x 59 cm', '24 kg', '2 Year Warranty', 120000.00, 1375.00, 5500.00, 4.7, 61, 50, TRUE, 'like_new');
INSERT INTO product_variants (product_id, colour_name, colour_hex, images, stock) VALUES 
(82, 'White', '#FFFFFF', '["https://images.unsplash.com/photo-1593789198777-f29bc259780e?w=800&auto=format&fit=crop&q=80","https://images.unsplash.com/photo-1552975084-6e027cd345c2?w=800&auto=format&fit=crop&q=80","https://images.unsplash.com/photo-1595950653106-6c9ebd614d3a?w=800&auto=format&fit=crop&q=80","https://images.unsplash.com/photo-1560169897-fc0cdbdfa4d5?w=800&auto=format&fit=crop&q=80"]'::jsonb, 20),
(82, 'Black', '#000000', '["https://images.unsplash.com/photo-1552975084-6e027cd345c2?w=800&auto=format&fit=crop&q=80","https://images.unsplash.com/photo-1595950653106-6c9ebd614d3a?w=800&auto=format&fit=crop&q=80","https://images.unsplash.com/photo-1560169897-fc0cdbdfa4d5?w=800&auto=format&fit=crop&q=80","https://images.unsplash.com/photo-1593305841991-05c297ba4575?w=800&auto=format&fit=crop&q=80"]'::jsonb, 20),
(82, 'Grey', '#808080', '["https://images.unsplash.com/photo-1595950653106-6c9ebd614d3a?w=800&auto=format&fit=crop&q=80","https://images.unsplash.com/photo-1560169897-fc0cdbdfa4d5?w=800&auto=format&fit=crop&q=80","https://images.unsplash.com/photo-1593305841991-05c297ba4575?w=800&auto=format&fit=crop&q=80","https://images.unsplash.com/photo-1593789198777-f29bc259780e?w=800&auto=format&fit=crop&q=80"]'::jsonb, 20),
(82, 'Brown', '#8B4513', '["https://images.unsplash.com/photo-1560169897-fc0cdbdfa4d5?w=800&auto=format&fit=crop&q=80","https://images.unsplash.com/photo-1593305841991-05c297ba4575?w=800&auto=format&fit=crop&q=80","https://images.unsplash.com/photo-1593789198777-f29bc259780e?w=800&auto=format&fit=crop&q=80","https://images.unsplash.com/photo-1593305841991-05c297ba4575?w=800&auto=format&fit=crop&q=80"]'::jsonb, 20);

INSERT INTO products (id, name, brand, category, description, material, dimensions, weight, warranty, buy_price, rent_price_week, rent_price_month, rating, review_count, stock_quantity, is_available, condition_type) VALUES 
(83, 'ErgoRise Height Adjustable Desk', 'WoodCraft', 'Office Desk', 'Introduce modern luxury and functionality to your space with the ErgoRise Height Adjustable Desk by WoodCraft. Crafted from high-quality Teak Wood, it is designed for both exceptional durability and superior comfort. Perfect for living rooms, bedrooms, or modern offices looking for an elegant touch. The sleek structure blends seamlessly with diverse aesthetics, making it a stellar addition to any home.', 'Teak Wood', '100 x 60 x 45 cm', '10 kg', '1 Year Warranty', 4000.00, 100.00, 400.00, 4.0, 5, 50, TRUE, 'new');
INSERT INTO product_variants (product_id, colour_name, colour_hex, images, stock) VALUES 
(83, 'Walnut', '#5C4033', '["https://images.unsplash.com/photo-1505797149-43b0069ec26b?w=800&auto=format&fit=crop&q=80","https://images.unsplash.com/photo-1593642632823-8f785ba67e45?w=800&auto=format&fit=crop&q=80","https://images.unsplash.com/photo-1519389950473-47ba0277781c?w=800&auto=format&fit=crop&q=80","https://images.unsplash.com/photo-1499750310107-5fef28a66643?w=800&auto=format&fit=crop&q=80"]'::jsonb, 20),
(83, 'Oak', '#B8860B', '["https://images.unsplash.com/photo-1593642632823-8f785ba67e45?w=800&auto=format&fit=crop&q=80","https://images.unsplash.com/photo-1519389950473-47ba0277781c?w=800&auto=format&fit=crop&q=80","https://images.unsplash.com/photo-1499750310107-5fef28a66643?w=800&auto=format&fit=crop&q=80","https://images.unsplash.com/photo-1513151233558-d860c5398176?w=800&auto=format&fit=crop&q=80"]'::jsonb, 20),
(83, 'White', '#FFFFFF', '["https://images.unsplash.com/photo-1519389950473-47ba0277781c?w=800&auto=format&fit=crop&q=80","https://images.unsplash.com/photo-1499750310107-5fef28a66643?w=800&auto=format&fit=crop&q=80","https://images.unsplash.com/photo-1513151233558-d860c5398176?w=800&auto=format&fit=crop&q=80","https://images.unsplash.com/photo-1524758631624-e2822e304c36?w=800&auto=format&fit=crop&q=80"]'::jsonb, 20),
(83, 'Black', '#000000', '["https://images.unsplash.com/photo-1499750310107-5fef28a66643?w=800&auto=format&fit=crop&q=80","https://images.unsplash.com/photo-1513151233558-d860c5398176?w=800&auto=format&fit=crop&q=80","https://images.unsplash.com/photo-1524758631624-e2822e304c36?w=800&auto=format&fit=crop&q=80","https://images.unsplash.com/photo-1518455027359-f3f8164ba6bd?w=800&auto=format&fit=crop&q=80"]'::jsonb, 20);

INSERT INTO products (id, name, brand, category, description, material, dimensions, weight, warranty, buy_price, rent_price_week, rent_price_month, rating, review_count, stock_quantity, is_available, condition_type) VALUES 
(84, 'Sturdy Oak Study Desk', 'HomeBazaar', 'Office Desk', 'Introduce modern luxury and functionality to your space with the Sturdy Oak Study Desk by HomeBazaar. Crafted from high-quality Sheesham Wood, it is designed for both exceptional durability and superior comfort. Perfect for living rooms, bedrooms, or modern offices looking for an elegant touch. The sleek structure blends seamlessly with diverse aesthetics, making it a stellar addition to any home.', 'Sheesham Wood', '105 x 63 x 47 cm', '12 kg', '2 Year Warranty', 7000.00, 150.00, 600.00, 4.1, 13, 50, TRUE, 'like_new');
INSERT INTO product_variants (product_id, colour_name, colour_hex, images, stock) VALUES 
(84, 'Oak', '#B8860B', '["https://images.unsplash.com/photo-1593642632823-8f785ba67e45?w=800&auto=format&fit=crop&q=80","https://images.unsplash.com/photo-1519389950473-47ba0277781c?w=800&auto=format&fit=crop&q=80","https://images.unsplash.com/photo-1499750310107-5fef28a66643?w=800&auto=format&fit=crop&q=80","https://images.unsplash.com/photo-1513151233558-d860c5398176?w=800&auto=format&fit=crop&q=80"]'::jsonb, 20),
(84, 'White', '#FFFFFF', '["https://images.unsplash.com/photo-1519389950473-47ba0277781c?w=800&auto=format&fit=crop&q=80","https://images.unsplash.com/photo-1499750310107-5fef28a66643?w=800&auto=format&fit=crop&q=80","https://images.unsplash.com/photo-1513151233558-d860c5398176?w=800&auto=format&fit=crop&q=80","https://images.unsplash.com/photo-1524758631624-e2822e304c36?w=800&auto=format&fit=crop&q=80"]'::jsonb, 20),
(84, 'Black', '#000000', '["https://images.unsplash.com/photo-1499750310107-5fef28a66643?w=800&auto=format&fit=crop&q=80","https://images.unsplash.com/photo-1513151233558-d860c5398176?w=800&auto=format&fit=crop&q=80","https://images.unsplash.com/photo-1524758631624-e2822e304c36?w=800&auto=format&fit=crop&q=80","https://images.unsplash.com/photo-1518455027359-f3f8164ba6bd?w=800&auto=format&fit=crop&q=80"]'::jsonb, 20),
(84, 'Grey', '#808080', '["https://images.unsplash.com/photo-1513151233558-d860c5398176?w=800&auto=format&fit=crop&q=80","https://images.unsplash.com/photo-1524758631624-e2822e304c36?w=800&auto=format&fit=crop&q=80","https://images.unsplash.com/photo-1518455027359-f3f8164ba6bd?w=800&auto=format&fit=crop&q=80","https://images.unsplash.com/photo-1493934558415-9d19f0b2b4d2?w=800&auto=format&fit=crop&q=80"]'::jsonb, 20);

INSERT INTO products (id, name, brand, category, description, material, dimensions, weight, warranty, buy_price, rent_price_week, rent_price_month, rating, review_count, stock_quantity, is_available, condition_type) VALUES 
(85, 'Zenith Executive Office Desk', 'RoyalOak', 'Office Desk', 'Introduce modern luxury and functionality to your space with the Zenith Executive Office Desk by RoyalOak. Crafted from high-quality Engineered Wood, it is designed for both exceptional durability and superior comfort. Perfect for living rooms, bedrooms, or modern offices looking for an elegant touch. The sleek structure blends seamlessly with diverse aesthetics, making it a stellar addition to any home.', 'Engineered Wood', '110 x 66 x 49 cm', '14 kg', '3 Year Warranty', 10000.00, 200.00, 800.00, 4.2, 21, 50, TRUE, 'refurbished');
INSERT INTO product_variants (product_id, colour_name, colour_hex, images, stock) VALUES 
(85, 'White', '#FFFFFF', '["https://images.unsplash.com/photo-1519389950473-47ba0277781c?w=800&auto=format&fit=crop&q=80","https://images.unsplash.com/photo-1499750310107-5fef28a66643?w=800&auto=format&fit=crop&q=80","https://images.unsplash.com/photo-1513151233558-d860c5398176?w=800&auto=format&fit=crop&q=80","https://images.unsplash.com/photo-1524758631624-e2822e304c36?w=800&auto=format&fit=crop&q=80"]'::jsonb, 20),
(85, 'Black', '#000000', '["https://images.unsplash.com/photo-1499750310107-5fef28a66643?w=800&auto=format&fit=crop&q=80","https://images.unsplash.com/photo-1513151233558-d860c5398176?w=800&auto=format&fit=crop&q=80","https://images.unsplash.com/photo-1524758631624-e2822e304c36?w=800&auto=format&fit=crop&q=80","https://images.unsplash.com/photo-1518455027359-f3f8164ba6bd?w=800&auto=format&fit=crop&q=80"]'::jsonb, 20),
(85, 'Grey', '#808080', '["https://images.unsplash.com/photo-1513151233558-d860c5398176?w=800&auto=format&fit=crop&q=80","https://images.unsplash.com/photo-1524758631624-e2822e304c36?w=800&auto=format&fit=crop&q=80","https://images.unsplash.com/photo-1518455027359-f3f8164ba6bd?w=800&auto=format&fit=crop&q=80","https://images.unsplash.com/photo-1493934558415-9d19f0b2b4d2?w=800&auto=format&fit=crop&q=80"]'::jsonb, 20),
(85, 'Brown', '#8B4513', '["https://images.unsplash.com/photo-1524758631624-e2822e304c36?w=800&auto=format&fit=crop&q=80","https://images.unsplash.com/photo-1518455027359-f3f8164ba6bd?w=800&auto=format&fit=crop&q=80","https://images.unsplash.com/photo-1493934558415-9d19f0b2b4d2?w=800&auto=format&fit=crop&q=80","https://images.unsplash.com/photo-1505797149-43b0069ec26b?w=800&auto=format&fit=crop&q=80"]'::jsonb, 20);

INSERT INTO products (id, name, brand, category, description, material, dimensions, weight, warranty, buy_price, rent_price_week, rent_price_month, rating, review_count, stock_quantity, is_available, condition_type) VALUES 
(86, 'Urban Compact Writing Desk', 'Nilkamal', 'Office Desk', 'Introduce modern luxury and functionality to your space with the Urban Compact Writing Desk by Nilkamal. Crafted from high-quality Premium Fabric, it is designed for both exceptional durability and superior comfort. Perfect for living rooms, bedrooms, or modern offices looking for an elegant touch. The sleek structure blends seamlessly with diverse aesthetics, making it a stellar addition to any home.', 'Premium Fabric', '115 x 69 x 51 cm', '16 kg', '1 Year Warranty', 13000.00, 250.00, 1000.00, 4.3, 29, 50, TRUE, 'new');
INSERT INTO product_variants (product_id, colour_name, colour_hex, images, stock) VALUES 
(86, 'Black', '#000000', '["https://images.unsplash.com/photo-1499750310107-5fef28a66643?w=800&auto=format&fit=crop&q=80","https://images.unsplash.com/photo-1513151233558-d860c5398176?w=800&auto=format&fit=crop&q=80","https://images.unsplash.com/photo-1524758631624-e2822e304c36?w=800&auto=format&fit=crop&q=80","https://images.unsplash.com/photo-1518455027359-f3f8164ba6bd?w=800&auto=format&fit=crop&q=80"]'::jsonb, 20),
(86, 'Grey', '#808080', '["https://images.unsplash.com/photo-1513151233558-d860c5398176?w=800&auto=format&fit=crop&q=80","https://images.unsplash.com/photo-1524758631624-e2822e304c36?w=800&auto=format&fit=crop&q=80","https://images.unsplash.com/photo-1518455027359-f3f8164ba6bd?w=800&auto=format&fit=crop&q=80","https://images.unsplash.com/photo-1493934558415-9d19f0b2b4d2?w=800&auto=format&fit=crop&q=80"]'::jsonb, 20),
(86, 'Brown', '#8B4513', '["https://images.unsplash.com/photo-1524758631624-e2822e304c36?w=800&auto=format&fit=crop&q=80","https://images.unsplash.com/photo-1518455027359-f3f8164ba6bd?w=800&auto=format&fit=crop&q=80","https://images.unsplash.com/photo-1493934558415-9d19f0b2b4d2?w=800&auto=format&fit=crop&q=80","https://images.unsplash.com/photo-1505797149-43b0069ec26b?w=800&auto=format&fit=crop&q=80"]'::jsonb, 20),
(86, 'Beige', '#F5F5DC', '["https://images.unsplash.com/photo-1518455027359-f3f8164ba6bd?w=800&auto=format&fit=crop&q=80","https://images.unsplash.com/photo-1493934558415-9d19f0b2b4d2?w=800&auto=format&fit=crop&q=80","https://images.unsplash.com/photo-1505797149-43b0069ec26b?w=800&auto=format&fit=crop&q=80","https://images.unsplash.com/photo-1593642632823-8f785ba67e45?w=800&auto=format&fit=crop&q=80"]'::jsonb, 20);

INSERT INTO products (id, name, brand, category, description, material, dimensions, weight, warranty, buy_price, rent_price_week, rent_price_month, rating, review_count, stock_quantity, is_available, condition_type) VALUES 
(87, 'Cornerstone L-Shaped Desk', 'UrbanLadder', 'Office Desk', 'Introduce modern luxury and functionality to your space with the Cornerstone L-Shaped Desk by UrbanLadder. Crafted from high-quality Leatherette, it is designed for both exceptional durability and superior comfort. Perfect for living rooms, bedrooms, or modern offices looking for an elegant touch. The sleek structure blends seamlessly with diverse aesthetics, making it a stellar addition to any home.', 'Leatherette', '120 x 72 x 53 cm', '18 kg', '2 Year Warranty', 16000.00, 300.00, 1200.00, 4.4, 37, 50, TRUE, 'like_new');
INSERT INTO product_variants (product_id, colour_name, colour_hex, images, stock) VALUES 
(87, 'Grey', '#808080', '["https://images.unsplash.com/photo-1513151233558-d860c5398176?w=800&auto=format&fit=crop&q=80","https://images.unsplash.com/photo-1524758631624-e2822e304c36?w=800&auto=format&fit=crop&q=80","https://images.unsplash.com/photo-1518455027359-f3f8164ba6bd?w=800&auto=format&fit=crop&q=80","https://images.unsplash.com/photo-1493934558415-9d19f0b2b4d2?w=800&auto=format&fit=crop&q=80"]'::jsonb, 20),
(87, 'Brown', '#8B4513', '["https://images.unsplash.com/photo-1524758631624-e2822e304c36?w=800&auto=format&fit=crop&q=80","https://images.unsplash.com/photo-1518455027359-f3f8164ba6bd?w=800&auto=format&fit=crop&q=80","https://images.unsplash.com/photo-1493934558415-9d19f0b2b4d2?w=800&auto=format&fit=crop&q=80","https://images.unsplash.com/photo-1505797149-43b0069ec26b?w=800&auto=format&fit=crop&q=80"]'::jsonb, 20),
(87, 'Beige', '#F5F5DC', '["https://images.unsplash.com/photo-1518455027359-f3f8164ba6bd?w=800&auto=format&fit=crop&q=80","https://images.unsplash.com/photo-1493934558415-9d19f0b2b4d2?w=800&auto=format&fit=crop&q=80","https://images.unsplash.com/photo-1505797149-43b0069ec26b?w=800&auto=format&fit=crop&q=80","https://images.unsplash.com/photo-1593642632823-8f785ba67e45?w=800&auto=format&fit=crop&q=80"]'::jsonb, 20),
(87, 'Navy', '#000080', '["https://images.unsplash.com/photo-1493934558415-9d19f0b2b4d2?w=800&auto=format&fit=crop&q=80","https://images.unsplash.com/photo-1505797149-43b0069ec26b?w=800&auto=format&fit=crop&q=80","https://images.unsplash.com/photo-1593642632823-8f785ba67e45?w=800&auto=format&fit=crop&q=80","https://images.unsplash.com/photo-1519389950473-47ba0277781c?w=800&auto=format&fit=crop&q=80"]'::jsonb, 20);

INSERT INTO products (id, name, brand, category, description, material, dimensions, weight, warranty, buy_price, rent_price_week, rent_price_month, rating, review_count, stock_quantity, is_available, condition_type) VALUES 
(88, 'Vanguard Computer Workstation', 'Durian', 'Office Desk', 'Introduce modern luxury and functionality to your space with the Vanguard Computer Workstation by Durian. Crafted from high-quality Metal & Alloy, it is designed for both exceptional durability and superior comfort. Perfect for living rooms, bedrooms, or modern offices looking for an elegant touch. The sleek structure blends seamlessly with diverse aesthetics, making it a stellar addition to any home.', 'Metal & Alloy', '125 x 75 x 55 cm', '20 kg', '3 Year Warranty', 19000.00, 350.00, 1400.00, 4.5, 45, 50, TRUE, 'refurbished');
INSERT INTO product_variants (product_id, colour_name, colour_hex, images, stock) VALUES 
(88, 'Walnut', '#5C4033', '["https://images.unsplash.com/photo-1524758631624-e2822e304c36?w=800&auto=format&fit=crop&q=80","https://images.unsplash.com/photo-1518455027359-f3f8164ba6bd?w=800&auto=format&fit=crop&q=80","https://images.unsplash.com/photo-1493934558415-9d19f0b2b4d2?w=800&auto=format&fit=crop&q=80","https://images.unsplash.com/photo-1505797149-43b0069ec26b?w=800&auto=format&fit=crop&q=80"]'::jsonb, 20),
(88, 'Oak', '#B8860B', '["https://images.unsplash.com/photo-1518455027359-f3f8164ba6bd?w=800&auto=format&fit=crop&q=80","https://images.unsplash.com/photo-1493934558415-9d19f0b2b4d2?w=800&auto=format&fit=crop&q=80","https://images.unsplash.com/photo-1505797149-43b0069ec26b?w=800&auto=format&fit=crop&q=80","https://images.unsplash.com/photo-1593642632823-8f785ba67e45?w=800&auto=format&fit=crop&q=80"]'::jsonb, 20),
(88, 'White', '#FFFFFF', '["https://images.unsplash.com/photo-1493934558415-9d19f0b2b4d2?w=800&auto=format&fit=crop&q=80","https://images.unsplash.com/photo-1505797149-43b0069ec26b?w=800&auto=format&fit=crop&q=80","https://images.unsplash.com/photo-1593642632823-8f785ba67e45?w=800&auto=format&fit=crop&q=80","https://images.unsplash.com/photo-1519389950473-47ba0277781c?w=800&auto=format&fit=crop&q=80"]'::jsonb, 20),
(88, 'Black', '#000000', '["https://images.unsplash.com/photo-1505797149-43b0069ec26b?w=800&auto=format&fit=crop&q=80","https://images.unsplash.com/photo-1593642632823-8f785ba67e45?w=800&auto=format&fit=crop&q=80","https://images.unsplash.com/photo-1519389950473-47ba0277781c?w=800&auto=format&fit=crop&q=80","https://images.unsplash.com/photo-1499750310107-5fef28a66643?w=800&auto=format&fit=crop&q=80"]'::jsonb, 20);

INSERT INTO products (id, name, brand, category, description, material, dimensions, weight, warranty, buy_price, rent_price_week, rent_price_month, rating, review_count, stock_quantity, is_available, condition_type) VALUES 
(89, 'Nordic Minimalist Study Table', 'FurnitureMart', 'Office Desk', 'Introduce modern luxury and functionality to your space with the Nordic Minimalist Study Table by FurnitureMart. Crafted from high-quality MDF, it is designed for both exceptional durability and superior comfort. Perfect for living rooms, bedrooms, or modern offices looking for an elegant touch. The sleek structure blends seamlessly with diverse aesthetics, making it a stellar addition to any home.', 'MDF', '130 x 78 x 57 cm', '22 kg', '1 Year Warranty', 22000.00, 400.00, 1600.00, 4.6, 53, 50, TRUE, 'new');
INSERT INTO product_variants (product_id, colour_name, colour_hex, images, stock) VALUES 
(89, 'Oak', '#B8860B', '["https://images.unsplash.com/photo-1518455027359-f3f8164ba6bd?w=800&auto=format&fit=crop&q=80","https://images.unsplash.com/photo-1493934558415-9d19f0b2b4d2?w=800&auto=format&fit=crop&q=80","https://images.unsplash.com/photo-1505797149-43b0069ec26b?w=800&auto=format&fit=crop&q=80","https://images.unsplash.com/photo-1593642632823-8f785ba67e45?w=800&auto=format&fit=crop&q=80"]'::jsonb, 20),
(89, 'White', '#FFFFFF', '["https://images.unsplash.com/photo-1493934558415-9d19f0b2b4d2?w=800&auto=format&fit=crop&q=80","https://images.unsplash.com/photo-1505797149-43b0069ec26b?w=800&auto=format&fit=crop&q=80","https://images.unsplash.com/photo-1593642632823-8f785ba67e45?w=800&auto=format&fit=crop&q=80","https://images.unsplash.com/photo-1519389950473-47ba0277781c?w=800&auto=format&fit=crop&q=80"]'::jsonb, 20),
(89, 'Black', '#000000', '["https://images.unsplash.com/photo-1505797149-43b0069ec26b?w=800&auto=format&fit=crop&q=80","https://images.unsplash.com/photo-1593642632823-8f785ba67e45?w=800&auto=format&fit=crop&q=80","https://images.unsplash.com/photo-1519389950473-47ba0277781c?w=800&auto=format&fit=crop&q=80","https://images.unsplash.com/photo-1499750310107-5fef28a66643?w=800&auto=format&fit=crop&q=80"]'::jsonb, 20),
(89, 'Grey', '#808080', '["https://images.unsplash.com/photo-1593642632823-8f785ba67e45?w=800&auto=format&fit=crop&q=80","https://images.unsplash.com/photo-1519389950473-47ba0277781c?w=800&auto=format&fit=crop&q=80","https://images.unsplash.com/photo-1499750310107-5fef28a66643?w=800&auto=format&fit=crop&q=80","https://images.unsplash.com/photo-1513151233558-d860c5398176?w=800&auto=format&fit=crop&q=80"]'::jsonb, 20);

INSERT INTO products (id, name, brand, category, description, material, dimensions, weight, warranty, buy_price, rent_price_week, rent_price_month, rating, review_count, stock_quantity, is_available, condition_type) VALUES 
(90, 'Prism Glass Office Table', 'DécorHome', 'Office Desk', 'Introduce modern luxury and functionality to your space with the Prism Glass Office Table by DécorHome. Crafted from high-quality Tempered Glass, it is designed for both exceptional durability and superior comfort. Perfect for living rooms, bedrooms, or modern offices looking for an elegant touch. The sleek structure blends seamlessly with diverse aesthetics, making it a stellar addition to any home.', 'Tempered Glass', '135 x 81 x 59 cm', '24 kg', '2 Year Warranty', 25000.00, 450.00, 1800.00, 4.7, 61, 50, TRUE, 'like_new');
INSERT INTO product_variants (product_id, colour_name, colour_hex, images, stock) VALUES 
(90, 'White', '#FFFFFF', '["https://images.unsplash.com/photo-1493934558415-9d19f0b2b4d2?w=800&auto=format&fit=crop&q=80","https://images.unsplash.com/photo-1505797149-43b0069ec26b?w=800&auto=format&fit=crop&q=80","https://images.unsplash.com/photo-1593642632823-8f785ba67e45?w=800&auto=format&fit=crop&q=80","https://images.unsplash.com/photo-1519389950473-47ba0277781c?w=800&auto=format&fit=crop&q=80"]'::jsonb, 20),
(90, 'Black', '#000000', '["https://images.unsplash.com/photo-1505797149-43b0069ec26b?w=800&auto=format&fit=crop&q=80","https://images.unsplash.com/photo-1593642632823-8f785ba67e45?w=800&auto=format&fit=crop&q=80","https://images.unsplash.com/photo-1519389950473-47ba0277781c?w=800&auto=format&fit=crop&q=80","https://images.unsplash.com/photo-1499750310107-5fef28a66643?w=800&auto=format&fit=crop&q=80"]'::jsonb, 20),
(90, 'Grey', '#808080', '["https://images.unsplash.com/photo-1593642632823-8f785ba67e45?w=800&auto=format&fit=crop&q=80","https://images.unsplash.com/photo-1519389950473-47ba0277781c?w=800&auto=format&fit=crop&q=80","https://images.unsplash.com/photo-1499750310107-5fef28a66643?w=800&auto=format&fit=crop&q=80","https://images.unsplash.com/photo-1513151233558-d860c5398176?w=800&auto=format&fit=crop&q=80"]'::jsonb, 20),
(90, 'Brown', '#8B4513', '["https://images.unsplash.com/photo-1519389950473-47ba0277781c?w=800&auto=format&fit=crop&q=80","https://images.unsplash.com/photo-1499750310107-5fef28a66643?w=800&auto=format&fit=crop&q=80","https://images.unsplash.com/photo-1513151233558-d860c5398176?w=800&auto=format&fit=crop&q=80","https://images.unsplash.com/photo-1524758631624-e2822e304c36?w=800&auto=format&fit=crop&q=80"]'::jsonb, 20);

INSERT INTO products (id, name, brand, category, description, material, dimensions, weight, warranty, buy_price, rent_price_week, rent_price_month, rating, review_count, stock_quantity, is_available, condition_type) VALUES 
(91, 'OrthoComfort Memory Foam Mattress', 'WoodCraft', 'Mattress', 'Introduce modern luxury and functionality to your space with the OrthoComfort Memory Foam Mattress by WoodCraft. Crafted from high-quality Teak Wood, it is designed for both exceptional durability and superior comfort. Perfect for living rooms, bedrooms, or modern offices looking for an elegant touch. The sleek structure blends seamlessly with diverse aesthetics, making it a stellar addition to any home.', 'Teak Wood', '100 x 60 x 45 cm', '10 kg', '1 Year Warranty', 5000.00, 125.00, 500.00, 4.0, 5, 50, TRUE, 'new');
INSERT INTO product_variants (product_id, colour_name, colour_hex, images, stock) VALUES 
(91, 'Walnut', '#5C4033', '["https://images.unsplash.com/photo-1583847268964-b28dc8f51f92?w=800&auto=format&fit=crop&q=80","https://images.unsplash.com/photo-1616046229478-9901c5536a45?w=800&auto=format&fit=crop&q=80","https://images.unsplash.com/photo-1522771739844-6a9f6d5f14af?w=800&auto=format&fit=crop&q=80","https://images.unsplash.com/photo-1540518614846-7eded433c457?w=800&auto=format&fit=crop&q=80"]'::jsonb, 20),
(91, 'Oak', '#B8860B', '["https://images.unsplash.com/photo-1616046229478-9901c5536a45?w=800&auto=format&fit=crop&q=80","https://images.unsplash.com/photo-1522771739844-6a9f6d5f14af?w=800&auto=format&fit=crop&q=80","https://images.unsplash.com/photo-1540518614846-7eded433c457?w=800&auto=format&fit=crop&q=80","https://images.unsplash.com/photo-1505693416388-ac5ce068fe85?w=800&auto=format&fit=crop&q=80"]'::jsonb, 20),
(91, 'White', '#FFFFFF', '["https://images.unsplash.com/photo-1522771739844-6a9f6d5f14af?w=800&auto=format&fit=crop&q=80","https://images.unsplash.com/photo-1540518614846-7eded433c457?w=800&auto=format&fit=crop&q=80","https://images.unsplash.com/photo-1505693416388-ac5ce068fe85?w=800&auto=format&fit=crop&q=80","https://images.unsplash.com/photo-1631049307264-da0ec9d70304?w=800&auto=format&fit=crop&q=80"]'::jsonb, 20),
(91, 'Black', '#000000', '["https://images.unsplash.com/photo-1540518614846-7eded433c457?w=800&auto=format&fit=crop&q=80","https://images.unsplash.com/photo-1505693416388-ac5ce068fe85?w=800&auto=format&fit=crop&q=80","https://images.unsplash.com/photo-1631049307264-da0ec9d70304?w=800&auto=format&fit=crop&q=80","https://images.unsplash.com/photo-1583847268964-b28dc8f51f92?w=800&auto=format&fit=crop&q=80"]'::jsonb, 20);

INSERT INTO products (id, name, brand, category, description, material, dimensions, weight, warranty, buy_price, rent_price_week, rent_price_month, rating, review_count, stock_quantity, is_available, condition_type) VALUES 
(92, 'SlumberLatex Organic Mattress', 'HomeBazaar', 'Mattress', 'Introduce modern luxury and functionality to your space with the SlumberLatex Organic Mattress by HomeBazaar. Crafted from high-quality Sheesham Wood, it is designed for both exceptional durability and superior comfort. Perfect for living rooms, bedrooms, or modern offices looking for an elegant touch. The sleek structure blends seamlessly with diverse aesthetics, making it a stellar addition to any home.', 'Sheesham Wood', '105 x 63 x 47 cm', '12 kg', '2 Year Warranty', 12000.00, 200.00, 800.00, 4.1, 13, 50, TRUE, 'like_new');
INSERT INTO product_variants (product_id, colour_name, colour_hex, images, stock) VALUES 
(92, 'Oak', '#B8860B', '["https://images.unsplash.com/photo-1616046229478-9901c5536a45?w=800&auto=format&fit=crop&q=80","https://images.unsplash.com/photo-1522771739844-6a9f6d5f14af?w=800&auto=format&fit=crop&q=80","https://images.unsplash.com/photo-1540518614846-7eded433c457?w=800&auto=format&fit=crop&q=80","https://images.unsplash.com/photo-1505693416388-ac5ce068fe85?w=800&auto=format&fit=crop&q=80"]'::jsonb, 20),
(92, 'White', '#FFFFFF', '["https://images.unsplash.com/photo-1522771739844-6a9f6d5f14af?w=800&auto=format&fit=crop&q=80","https://images.unsplash.com/photo-1540518614846-7eded433c457?w=800&auto=format&fit=crop&q=80","https://images.unsplash.com/photo-1505693416388-ac5ce068fe85?w=800&auto=format&fit=crop&q=80","https://images.unsplash.com/photo-1631049307264-da0ec9d70304?w=800&auto=format&fit=crop&q=80"]'::jsonb, 20),
(92, 'Black', '#000000', '["https://images.unsplash.com/photo-1540518614846-7eded433c457?w=800&auto=format&fit=crop&q=80","https://images.unsplash.com/photo-1505693416388-ac5ce068fe85?w=800&auto=format&fit=crop&q=80","https://images.unsplash.com/photo-1631049307264-da0ec9d70304?w=800&auto=format&fit=crop&q=80","https://images.unsplash.com/photo-1583847268964-b28dc8f51f92?w=800&auto=format&fit=crop&q=80"]'::jsonb, 20),
(92, 'Grey', '#808080', '["https://images.unsplash.com/photo-1505693416388-ac5ce068fe85?w=800&auto=format&fit=crop&q=80","https://images.unsplash.com/photo-1631049307264-da0ec9d70304?w=800&auto=format&fit=crop&q=80","https://images.unsplash.com/photo-1583847268964-b28dc8f51f92?w=800&auto=format&fit=crop&q=80","https://images.unsplash.com/photo-1616046229478-9901c5536a45?w=800&auto=format&fit=crop&q=80"]'::jsonb, 20);

INSERT INTO products (id, name, brand, category, description, material, dimensions, weight, warranty, buy_price, rent_price_week, rent_price_month, rating, review_count, stock_quantity, is_available, condition_type) VALUES 
(93, 'SpringSpine Pocket Spring Mattress', 'RoyalOak', 'Mattress', 'Introduce modern luxury and functionality to your space with the SpringSpine Pocket Spring Mattress by RoyalOak. Crafted from high-quality Engineered Wood, it is designed for both exceptional durability and superior comfort. Perfect for living rooms, bedrooms, or modern offices looking for an elegant touch. The sleek structure blends seamlessly with diverse aesthetics, making it a stellar addition to any home.', 'Engineered Wood', '110 x 66 x 49 cm', '14 kg', '3 Year Warranty', 19000.00, 275.00, 1100.00, 4.2, 21, 50, TRUE, 'refurbished');
INSERT INTO product_variants (product_id, colour_name, colour_hex, images, stock) VALUES 
(93, 'White', '#FFFFFF', '["https://images.unsplash.com/photo-1522771739844-6a9f6d5f14af?w=800&auto=format&fit=crop&q=80","https://images.unsplash.com/photo-1540518614846-7eded433c457?w=800&auto=format&fit=crop&q=80","https://images.unsplash.com/photo-1505693416388-ac5ce068fe85?w=800&auto=format&fit=crop&q=80","https://images.unsplash.com/photo-1631049307264-da0ec9d70304?w=800&auto=format&fit=crop&q=80"]'::jsonb, 20),
(93, 'Black', '#000000', '["https://images.unsplash.com/photo-1540518614846-7eded433c457?w=800&auto=format&fit=crop&q=80","https://images.unsplash.com/photo-1505693416388-ac5ce068fe85?w=800&auto=format&fit=crop&q=80","https://images.unsplash.com/photo-1631049307264-da0ec9d70304?w=800&auto=format&fit=crop&q=80","https://images.unsplash.com/photo-1583847268964-b28dc8f51f92?w=800&auto=format&fit=crop&q=80"]'::jsonb, 20),
(93, 'Grey', '#808080', '["https://images.unsplash.com/photo-1505693416388-ac5ce068fe85?w=800&auto=format&fit=crop&q=80","https://images.unsplash.com/photo-1631049307264-da0ec9d70304?w=800&auto=format&fit=crop&q=80","https://images.unsplash.com/photo-1583847268964-b28dc8f51f92?w=800&auto=format&fit=crop&q=80","https://images.unsplash.com/photo-1616046229478-9901c5536a45?w=800&auto=format&fit=crop&q=80"]'::jsonb, 20),
(93, 'Brown', '#8B4513', '["https://images.unsplash.com/photo-1631049307264-da0ec9d70304?w=800&auto=format&fit=crop&q=80","https://images.unsplash.com/photo-1583847268964-b28dc8f51f92?w=800&auto=format&fit=crop&q=80","https://images.unsplash.com/photo-1616046229478-9901c5536a45?w=800&auto=format&fit=crop&q=80","https://images.unsplash.com/photo-1522771739844-6a9f6d5f14af?w=800&auto=format&fit=crop&q=80"]'::jsonb, 20);

INSERT INTO products (id, name, brand, category, description, material, dimensions, weight, warranty, buy_price, rent_price_week, rent_price_month, rating, review_count, stock_quantity, is_available, condition_type) VALUES 
(94, 'DualComfort Coir Mattress', 'Nilkamal', 'Mattress', 'Introduce modern luxury and functionality to your space with the DualComfort Coir Mattress by Nilkamal. Crafted from high-quality Premium Fabric, it is designed for both exceptional durability and superior comfort. Perfect for living rooms, bedrooms, or modern offices looking for an elegant touch. The sleek structure blends seamlessly with diverse aesthetics, making it a stellar addition to any home.', 'Premium Fabric', '115 x 69 x 51 cm', '16 kg', '1 Year Warranty', 26000.00, 350.00, 1400.00, 4.3, 29, 50, TRUE, 'new');
INSERT INTO product_variants (product_id, colour_name, colour_hex, images, stock) VALUES 
(94, 'Black', '#000000', '["https://images.unsplash.com/photo-1540518614846-7eded433c457?w=800&auto=format&fit=crop&q=80","https://images.unsplash.com/photo-1505693416388-ac5ce068fe85?w=800&auto=format&fit=crop&q=80","https://images.unsplash.com/photo-1631049307264-da0ec9d70304?w=800&auto=format&fit=crop&q=80","https://images.unsplash.com/photo-1583847268964-b28dc8f51f92?w=800&auto=format&fit=crop&q=80"]'::jsonb, 20),
(94, 'Grey', '#808080', '["https://images.unsplash.com/photo-1505693416388-ac5ce068fe85?w=800&auto=format&fit=crop&q=80","https://images.unsplash.com/photo-1631049307264-da0ec9d70304?w=800&auto=format&fit=crop&q=80","https://images.unsplash.com/photo-1583847268964-b28dc8f51f92?w=800&auto=format&fit=crop&q=80","https://images.unsplash.com/photo-1616046229478-9901c5536a45?w=800&auto=format&fit=crop&q=80"]'::jsonb, 20),
(94, 'Brown', '#8B4513', '["https://images.unsplash.com/photo-1631049307264-da0ec9d70304?w=800&auto=format&fit=crop&q=80","https://images.unsplash.com/photo-1583847268964-b28dc8f51f92?w=800&auto=format&fit=crop&q=80","https://images.unsplash.com/photo-1616046229478-9901c5536a45?w=800&auto=format&fit=crop&q=80","https://images.unsplash.com/photo-1522771739844-6a9f6d5f14af?w=800&auto=format&fit=crop&q=80"]'::jsonb, 20),
(94, 'Beige', '#F5F5DC', '["https://images.unsplash.com/photo-1583847268964-b28dc8f51f92?w=800&auto=format&fit=crop&q=80","https://images.unsplash.com/photo-1616046229478-9901c5536a45?w=800&auto=format&fit=crop&q=80","https://images.unsplash.com/photo-1522771739844-6a9f6d5f14af?w=800&auto=format&fit=crop&q=80","https://images.unsplash.com/photo-1540518614846-7eded433c457?w=800&auto=format&fit=crop&q=80"]'::jsonb, 20);

INSERT INTO products (id, name, brand, category, description, material, dimensions, weight, warranty, buy_price, rent_price_week, rent_price_month, rating, review_count, stock_quantity, is_available, condition_type) VALUES 
(95, 'Premium Gel-Infused Foam Mattress', 'UrbanLadder', 'Mattress', 'Introduce modern luxury and functionality to your space with the Premium Gel-Infused Foam Mattress by UrbanLadder. Crafted from high-quality Leatherette, it is designed for both exceptional durability and superior comfort. Perfect for living rooms, bedrooms, or modern offices looking for an elegant touch. The sleek structure blends seamlessly with diverse aesthetics, making it a stellar addition to any home.', 'Leatherette', '120 x 72 x 53 cm', '18 kg', '2 Year Warranty', 33000.00, 425.00, 1700.00, 4.4, 37, 50, TRUE, 'like_new');
INSERT INTO product_variants (product_id, colour_name, colour_hex, images, stock) VALUES 
(95, 'Grey', '#808080', '["https://images.unsplash.com/photo-1505693416388-ac5ce068fe85?w=800&auto=format&fit=crop&q=80","https://images.unsplash.com/photo-1631049307264-da0ec9d70304?w=800&auto=format&fit=crop&q=80","https://images.unsplash.com/photo-1583847268964-b28dc8f51f92?w=800&auto=format&fit=crop&q=80","https://images.unsplash.com/photo-1616046229478-9901c5536a45?w=800&auto=format&fit=crop&q=80"]'::jsonb, 20),
(95, 'Brown', '#8B4513', '["https://images.unsplash.com/photo-1631049307264-da0ec9d70304?w=800&auto=format&fit=crop&q=80","https://images.unsplash.com/photo-1583847268964-b28dc8f51f92?w=800&auto=format&fit=crop&q=80","https://images.unsplash.com/photo-1616046229478-9901c5536a45?w=800&auto=format&fit=crop&q=80","https://images.unsplash.com/photo-1522771739844-6a9f6d5f14af?w=800&auto=format&fit=crop&q=80"]'::jsonb, 20),
(95, 'Beige', '#F5F5DC', '["https://images.unsplash.com/photo-1583847268964-b28dc8f51f92?w=800&auto=format&fit=crop&q=80","https://images.unsplash.com/photo-1616046229478-9901c5536a45?w=800&auto=format&fit=crop&q=80","https://images.unsplash.com/photo-1522771739844-6a9f6d5f14af?w=800&auto=format&fit=crop&q=80","https://images.unsplash.com/photo-1540518614846-7eded433c457?w=800&auto=format&fit=crop&q=80"]'::jsonb, 20),
(95, 'Navy', '#000080', '["https://images.unsplash.com/photo-1616046229478-9901c5536a45?w=800&auto=format&fit=crop&q=80","https://images.unsplash.com/photo-1522771739844-6a9f6d5f14af?w=800&auto=format&fit=crop&q=80","https://images.unsplash.com/photo-1540518614846-7eded433c457?w=800&auto=format&fit=crop&q=80","https://images.unsplash.com/photo-1505693416388-ac5ce068fe85?w=800&auto=format&fit=crop&q=80"]'::jsonb, 20);

INSERT INTO products (id, name, brand, category, description, material, dimensions, weight, warranty, buy_price, rent_price_week, rent_price_month, rating, review_count, stock_quantity, is_available, condition_type) VALUES 
(96, 'ErgoRest Hybrid Mattress', 'Durian', 'Mattress', 'Introduce modern luxury and functionality to your space with the ErgoRest Hybrid Mattress by Durian. Crafted from high-quality Metal & Alloy, it is designed for both exceptional durability and superior comfort. Perfect for living rooms, bedrooms, or modern offices looking for an elegant touch. The sleek structure blends seamlessly with diverse aesthetics, making it a stellar addition to any home.', 'Metal & Alloy', '125 x 75 x 55 cm', '20 kg', '3 Year Warranty', 40000.00, 500.00, 2000.00, 4.5, 45, 50, TRUE, 'refurbished');
INSERT INTO product_variants (product_id, colour_name, colour_hex, images, stock) VALUES 
(96, 'Walnut', '#5C4033', '["https://images.unsplash.com/photo-1631049307264-da0ec9d70304?w=800&auto=format&fit=crop&q=80","https://images.unsplash.com/photo-1583847268964-b28dc8f51f92?w=800&auto=format&fit=crop&q=80","https://images.unsplash.com/photo-1616046229478-9901c5536a45?w=800&auto=format&fit=crop&q=80","https://images.unsplash.com/photo-1522771739844-6a9f6d5f14af?w=800&auto=format&fit=crop&q=80"]'::jsonb, 20),
(96, 'Oak', '#B8860B', '["https://images.unsplash.com/photo-1583847268964-b28dc8f51f92?w=800&auto=format&fit=crop&q=80","https://images.unsplash.com/photo-1616046229478-9901c5536a45?w=800&auto=format&fit=crop&q=80","https://images.unsplash.com/photo-1522771739844-6a9f6d5f14af?w=800&auto=format&fit=crop&q=80","https://images.unsplash.com/photo-1540518614846-7eded433c457?w=800&auto=format&fit=crop&q=80"]'::jsonb, 20),
(96, 'White', '#FFFFFF', '["https://images.unsplash.com/photo-1616046229478-9901c5536a45?w=800&auto=format&fit=crop&q=80","https://images.unsplash.com/photo-1522771739844-6a9f6d5f14af?w=800&auto=format&fit=crop&q=80","https://images.unsplash.com/photo-1540518614846-7eded433c457?w=800&auto=format&fit=crop&q=80","https://images.unsplash.com/photo-1505693416388-ac5ce068fe85?w=800&auto=format&fit=crop&q=80"]'::jsonb, 20),
(96, 'Black', '#000000', '["https://images.unsplash.com/photo-1522771739844-6a9f6d5f14af?w=800&auto=format&fit=crop&q=80","https://images.unsplash.com/photo-1540518614846-7eded433c457?w=800&auto=format&fit=crop&q=80","https://images.unsplash.com/photo-1505693416388-ac5ce068fe85?w=800&auto=format&fit=crop&q=80","https://images.unsplash.com/photo-1631049307264-da0ec9d70304?w=800&auto=format&fit=crop&q=80"]'::jsonb, 20);

INSERT INTO products (id, name, brand, category, description, material, dimensions, weight, warranty, buy_price, rent_price_week, rent_price_month, rating, review_count, stock_quantity, is_available, condition_type) VALUES 
(97, 'Centrum Nesting Coffee Tables', 'WoodCraft', 'Coffee Table', 'Introduce modern luxury and functionality to your space with the Centrum Nesting Coffee Tables by WoodCraft. Crafted from high-quality Teak Wood, it is designed for both exceptional durability and superior comfort. Perfect for living rooms, bedrooms, or modern offices looking for an elegant touch. The sleek structure blends seamlessly with diverse aesthetics, making it a stellar addition to any home.', 'Teak Wood', '100 x 60 x 45 cm', '10 kg', '1 Year Warranty', 3000.00, 75.00, 300.00, 4.0, 5, 50, TRUE, 'new');
INSERT INTO product_variants (product_id, colour_name, colour_hex, images, stock) VALUES 
(97, 'Walnut', '#5C4033', '["https://images.unsplash.com/photo-1565793298595-6a879b1d9492?w=800&auto=format&fit=crop&q=80","https://images.unsplash.com/photo-1581428982868-e410dd047a90?w=800&auto=format&fit=crop&q=80","https://images.unsplash.com/photo-1600607687939-ce8a6c25118c?w=800&auto=format&fit=crop&q=80","https://images.unsplash.com/photo-1533090161767-e6ffed986c88?w=800&auto=format&fit=crop&q=80"]'::jsonb, 20),
(97, 'Oak', '#B8860B', '["https://images.unsplash.com/photo-1581428982868-e410dd047a90?w=800&auto=format&fit=crop&q=80","https://images.unsplash.com/photo-1600607687939-ce8a6c25118c?w=800&auto=format&fit=crop&q=80","https://images.unsplash.com/photo-1533090161767-e6ffed986c88?w=800&auto=format&fit=crop&q=80","https://images.unsplash.com/photo-1565793298595-6a879b1d9492?w=800&auto=format&fit=crop&q=80"]'::jsonb, 20),
(97, 'White', '#FFFFFF', '["https://images.unsplash.com/photo-1600607687939-ce8a6c25118c?w=800&auto=format&fit=crop&q=80","https://images.unsplash.com/photo-1533090161767-e6ffed986c88?w=800&auto=format&fit=crop&q=80","https://images.unsplash.com/photo-1565793298595-6a879b1d9492?w=800&auto=format&fit=crop&q=80","https://images.unsplash.com/photo-1581428982868-e410dd047a90?w=800&auto=format&fit=crop&q=80"]'::jsonb, 20),
(97, 'Black', '#000000', '["https://images.unsplash.com/photo-1533090161767-e6ffed986c88?w=800&auto=format&fit=crop&q=80","https://images.unsplash.com/photo-1565793298595-6a879b1d9492?w=800&auto=format&fit=crop&q=80","https://images.unsplash.com/photo-1581428982868-e410dd047a90?w=800&auto=format&fit=crop&q=80","https://images.unsplash.com/photo-1600607687939-ce8a6c25118c?w=800&auto=format&fit=crop&q=80"]'::jsonb, 20);

INSERT INTO products (id, name, brand, category, description, material, dimensions, weight, warranty, buy_price, rent_price_week, rent_price_month, rating, review_count, stock_quantity, is_available, condition_type) VALUES 
(98, 'Sheesham Wood Coffee Table', 'HomeBazaar', 'Coffee Table', 'Introduce modern luxury and functionality to your space with the Sheesham Wood Coffee Table by HomeBazaar. Crafted from high-quality Sheesham Wood, it is designed for both exceptional durability and superior comfort. Perfect for living rooms, bedrooms, or modern offices looking for an elegant touch. The sleek structure blends seamlessly with diverse aesthetics, making it a stellar addition to any home.', 'Sheesham Wood', '105 x 63 x 47 cm', '12 kg', '2 Year Warranty', 8000.00, 133.00, 533.00, 4.1, 13, 50, TRUE, 'like_new');
INSERT INTO product_variants (product_id, colour_name, colour_hex, images, stock) VALUES 
(98, 'Oak', '#B8860B', '["https://images.unsplash.com/photo-1581428982868-e410dd047a90?w=800&auto=format&fit=crop&q=80","https://images.unsplash.com/photo-1600607687939-ce8a6c25118c?w=800&auto=format&fit=crop&q=80","https://images.unsplash.com/photo-1533090161767-e6ffed986c88?w=800&auto=format&fit=crop&q=80","https://images.unsplash.com/photo-1565793298595-6a879b1d9492?w=800&auto=format&fit=crop&q=80"]'::jsonb, 20),
(98, 'White', '#FFFFFF', '["https://images.unsplash.com/photo-1600607687939-ce8a6c25118c?w=800&auto=format&fit=crop&q=80","https://images.unsplash.com/photo-1533090161767-e6ffed986c88?w=800&auto=format&fit=crop&q=80","https://images.unsplash.com/photo-1565793298595-6a879b1d9492?w=800&auto=format&fit=crop&q=80","https://images.unsplash.com/photo-1581428982868-e410dd047a90?w=800&auto=format&fit=crop&q=80"]'::jsonb, 20),
(98, 'Black', '#000000', '["https://images.unsplash.com/photo-1533090161767-e6ffed986c88?w=800&auto=format&fit=crop&q=80","https://images.unsplash.com/photo-1565793298595-6a879b1d9492?w=800&auto=format&fit=crop&q=80","https://images.unsplash.com/photo-1581428982868-e410dd047a90?w=800&auto=format&fit=crop&q=80","https://images.unsplash.com/photo-1600607687939-ce8a6c25118c?w=800&auto=format&fit=crop&q=80"]'::jsonb, 20),
(98, 'Grey', '#808080', '["https://images.unsplash.com/photo-1565793298595-6a879b1d9492?w=800&auto=format&fit=crop&q=80","https://images.unsplash.com/photo-1581428982868-e410dd047a90?w=800&auto=format&fit=crop&q=80","https://images.unsplash.com/photo-1600607687939-ce8a6c25118c?w=800&auto=format&fit=crop&q=80","https://images.unsplash.com/photo-1533090161767-e6ffed986c88?w=800&auto=format&fit=crop&q=80"]'::jsonb, 20);

INSERT INTO products (id, name, brand, category, description, material, dimensions, weight, warranty, buy_price, rent_price_week, rent_price_month, rating, review_count, stock_quantity, is_available, condition_type) VALUES 
(99, 'Urban Glass-Top Center Table', 'RoyalOak', 'Coffee Table', 'Introduce modern luxury and functionality to your space with the Urban Glass-Top Center Table by RoyalOak. Crafted from high-quality Engineered Wood, it is designed for both exceptional durability and superior comfort. Perfect for living rooms, bedrooms, or modern offices looking for an elegant touch. The sleek structure blends seamlessly with diverse aesthetics, making it a stellar addition to any home.', 'Engineered Wood', '110 x 66 x 49 cm', '14 kg', '3 Year Warranty', 13000.00, 192.00, 767.00, 4.2, 21, 50, TRUE, 'refurbished');
INSERT INTO product_variants (product_id, colour_name, colour_hex, images, stock) VALUES 
(99, 'White', '#FFFFFF', '["https://images.unsplash.com/photo-1600607687939-ce8a6c25118c?w=800&auto=format&fit=crop&q=80","https://images.unsplash.com/photo-1533090161767-e6ffed986c88?w=800&auto=format&fit=crop&q=80","https://images.unsplash.com/photo-1565793298595-6a879b1d9492?w=800&auto=format&fit=crop&q=80","https://images.unsplash.com/photo-1581428982868-e410dd047a90?w=800&auto=format&fit=crop&q=80"]'::jsonb, 20),
(99, 'Black', '#000000', '["https://images.unsplash.com/photo-1533090161767-e6ffed986c88?w=800&auto=format&fit=crop&q=80","https://images.unsplash.com/photo-1565793298595-6a879b1d9492?w=800&auto=format&fit=crop&q=80","https://images.unsplash.com/photo-1581428982868-e410dd047a90?w=800&auto=format&fit=crop&q=80","https://images.unsplash.com/photo-1600607687939-ce8a6c25118c?w=800&auto=format&fit=crop&q=80"]'::jsonb, 20),
(99, 'Grey', '#808080', '["https://images.unsplash.com/photo-1565793298595-6a879b1d9492?w=800&auto=format&fit=crop&q=80","https://images.unsplash.com/photo-1581428982868-e410dd047a90?w=800&auto=format&fit=crop&q=80","https://images.unsplash.com/photo-1600607687939-ce8a6c25118c?w=800&auto=format&fit=crop&q=80","https://images.unsplash.com/photo-1533090161767-e6ffed986c88?w=800&auto=format&fit=crop&q=80"]'::jsonb, 20),
(99, 'Brown', '#8B4513', '["https://images.unsplash.com/photo-1581428982868-e410dd047a90?w=800&auto=format&fit=crop&q=80","https://images.unsplash.com/photo-1600607687939-ce8a6c25118c?w=800&auto=format&fit=crop&q=80","https://images.unsplash.com/photo-1533090161767-e6ffed986c88?w=800&auto=format&fit=crop&q=80","https://images.unsplash.com/photo-1565793298595-6a879b1d9492?w=800&auto=format&fit=crop&q=80"]'::jsonb, 20);

INSERT INTO products (id, name, brand, category, description, material, dimensions, weight, warranty, buy_price, rent_price_week, rent_price_month, rating, review_count, stock_quantity, is_available, condition_type) VALUES 
(100, 'Vintage Storage Coffee Table', 'Nilkamal', 'Coffee Table', 'Introduce modern luxury and functionality to your space with the Vintage Storage Coffee Table by Nilkamal. Crafted from high-quality Premium Fabric, it is designed for both exceptional durability and superior comfort. Perfect for living rooms, bedrooms, or modern offices looking for an elegant touch. The sleek structure blends seamlessly with diverse aesthetics, making it a stellar addition to any home.', 'Premium Fabric', '115 x 69 x 51 cm', '16 kg', '1 Year Warranty', 18000.00, 250.00, 1000.00, 4.3, 29, 50, TRUE, 'new');
INSERT INTO product_variants (product_id, colour_name, colour_hex, images, stock) VALUES 
(100, 'Black', '#000000', '["https://images.unsplash.com/photo-1533090161767-e6ffed986c88?w=800&auto=format&fit=crop&q=80","https://images.unsplash.com/photo-1565793298595-6a879b1d9492?w=800&auto=format&fit=crop&q=80","https://images.unsplash.com/photo-1581428982868-e410dd047a90?w=800&auto=format&fit=crop&q=80","https://images.unsplash.com/photo-1600607687939-ce8a6c25118c?w=800&auto=format&fit=crop&q=80"]'::jsonb, 20),
(100, 'Grey', '#808080', '["https://images.unsplash.com/photo-1565793298595-6a879b1d9492?w=800&auto=format&fit=crop&q=80","https://images.unsplash.com/photo-1581428982868-e410dd047a90?w=800&auto=format&fit=crop&q=80","https://images.unsplash.com/photo-1600607687939-ce8a6c25118c?w=800&auto=format&fit=crop&q=80","https://images.unsplash.com/photo-1533090161767-e6ffed986c88?w=800&auto=format&fit=crop&q=80"]'::jsonb, 20),
(100, 'Brown', '#8B4513', '["https://images.unsplash.com/photo-1581428982868-e410dd047a90?w=800&auto=format&fit=crop&q=80","https://images.unsplash.com/photo-1600607687939-ce8a6c25118c?w=800&auto=format&fit=crop&q=80","https://images.unsplash.com/photo-1533090161767-e6ffed986c88?w=800&auto=format&fit=crop&q=80","https://images.unsplash.com/photo-1565793298595-6a879b1d9492?w=800&auto=format&fit=crop&q=80"]'::jsonb, 20),
(100, 'Beige', '#F5F5DC', '["https://images.unsplash.com/photo-1600607687939-ce8a6c25118c?w=800&auto=format&fit=crop&q=80","https://images.unsplash.com/photo-1533090161767-e6ffed986c88?w=800&auto=format&fit=crop&q=80","https://images.unsplash.com/photo-1565793298595-6a879b1d9492?w=800&auto=format&fit=crop&q=80","https://images.unsplash.com/photo-1581428982868-e410dd047a90?w=800&auto=format&fit=crop&q=80"]'::jsonb, 20);

